"id","name","area_ha","decision","source_url"
"osm_way_630749161","Công ty TNHH Gang Thép Hưng Nghiệp Formosa Hà Tĩnh",1955,"unreviewed","https://www.openstreetmap.org/way/630749161"
"osm_way_1489376670","KNIC Dong Long Thanh",1236,"unreviewed","https://www.openstreetmap.org/way/1489376670"
"osm_way_1333617520","Thai Hoa Wind Farm",896,"unreviewed","https://www.openstreetmap.org/way/1333617520"
"osm_way_1312077473","Công ty Cổ phần Thép Hòa Phát Dung Quất",885,"unreviewed","https://www.openstreetmap.org/way/1312077473"
"osm_way_879112397","Ha Tinh Formosa Plastics Steelworks",811,"unreviewed","https://www.openstreetmap.org/way/879112397"
"osm_way_628808943","Liên hợp Lọc hóa dầu Nghi Sơn (NSRP)",416,"unreviewed","https://www.openstreetmap.org/way/628808943"
"osm_relation_19312632","Công ty Cổ phần Sản xuất và Kinh doanh VinFast",328,"unreviewed","https://www.openstreetmap.org/relation/19312632"
"osm_way_1342652926","Công ty thủy sản Minh Phú Lộc An",291,"unreviewed","https://www.openstreetmap.org/way/1342652926"
"osm_way_548717059","Trung tâm Điện lực Vĩnh Tân",288,"unreviewed","https://www.openstreetmap.org/way/548717059"
"osm_relation_11999975","Tổ hợp hóa dầu Long Sơn",280,"unreviewed","https://www.openstreetmap.org/relation/11999975"
"osm_way_586315436","Công ty CP hữu hạn Vedan Việt Nam",268,"unreviewed","https://www.openstreetmap.org/way/586315436"
"osm_way_352918414","Nhà Máy Alumin Tân Rai",225,"unreviewed","https://www.openstreetmap.org/way/352918414"
"osm_way_584370682","Khu Phức Hợp Chu Lai - Trường Hải",218,"unreviewed","https://www.openstreetmap.org/way/584370682"
"osm_way_269744248","Căn cứ Dịch vụ Dầu khí Sao Mai-Bến Đình",207,"unreviewed","https://www.openstreetmap.org/way/269744248"
"osm_way_584188222","Nhà máy Lọc dầu Dung Quất",203,"unreviewed","https://www.openstreetmap.org/way/584188222"
"osm_way_223977713","Nhà máy Xi măng Kiên Lương - VICEM Hà Tiên",192,"unreviewed","https://www.openstreetmap.org/way/223977713"
"osm_way_823246914","CMX RE Sunseap Solar Power Company",189,"unreviewed","https://www.openstreetmap.org/way/823246914"
"osm_way_747898003","Cam Pha Power Plant",185,"unreviewed","https://www.openstreetmap.org/way/747898003"
"osm_way_879112399","Son Duong port - Vung Ang",182,"unreviewed","https://www.openstreetmap.org/way/879112399"
"osm_way_1548515085","Công trường Xử lý chất thải rắn Phước Hiệp",178,"unreviewed","https://www.openstreetmap.org/way/1548515085"
"osm_way_638518914","Thai Binh Power Center",160,"unreviewed","https://www.openstreetmap.org/way/638518914"
"osm_relation_18470850","Nhà Máy Alumin Nhân Cơ",157,"unreviewed","https://www.openstreetmap.org/relation/18470850"
"osm_way_1462549017","Cảng Chuyên Dụng Nhà Máy Nhiệt Điện Vân Phong",147,"unreviewed","https://www.openstreetmap.org/way/1462549017"
"osm_way_1320784087","Duyên Hải Power Generation Complex",144,"unreviewed","https://www.openstreetmap.org/way/1320784087"
"osm_way_410427637","Cảng Cát Lái",142,"unreviewed","https://www.openstreetmap.org/way/410427637"
"osm_way_223156506","Nhà máy Xi măng Insee Hòn Chông",138,"unreviewed","https://www.openstreetmap.org/way/223156506"
"osm_way_243192304","Hyosung",133,"unreviewed","https://www.openstreetmap.org/way/243192304"
"osm_way_1185901754","Khu CNTT Đà Nẵng",125,"unreviewed","https://www.openstreetmap.org/way/1185901754"
"osm_way_630392444","Cảng Chân Mây",121,"unreviewed","https://www.openstreetmap.org/way/630392444"
"osm_way_1320784075","Nhà máy Nhiệt điện Nghi Sơn",112,"unreviewed","https://www.openstreetmap.org/way/1320784075"
"osm_way_549914182","Nhà máy Nhiệt điện Phả Lại",109,"unreviewed","https://www.openstreetmap.org/way/549914182"
"osm_way_1015157849","Công ty TNHH MTV Tổng Công ty Tân Cảng",107,"unreviewed","https://www.openstreetmap.org/way/1015157849"
"osm_way_241198354","Cảng Đình Vũ",104,"unreviewed","https://www.openstreetmap.org/way/241198354"
"osm_way_879112398","Ha Tinh Formosa Plastics Power Station",96,"unreviewed","https://www.openstreetmap.org/way/879112398"
"osm_way_544398710","Cảng Cái Mép",95,"unreviewed","https://www.openstreetmap.org/way/544398710"
"osm_way_584190501","Cảng Dung Quất",94,"unreviewed","https://www.openstreetmap.org/way/584190501"
"osm_way_595614386","Samsung CE Ho Chi Minh City Complex",94,"unreviewed","https://www.openstreetmap.org/way/595614386"
"osm_way_549771412","Nhà máy Nhiệt điện Mông Dương",91,"unreviewed","https://www.openstreetmap.org/way/549771412"
"osm_relation_16528602","Nhà máy Nhiệt điện Phú Mỹ",91,"unreviewed","https://www.openstreetmap.org/relation/16528602"
"osm_way_628676102","Công ty Cổ phần Phân đạm và Hóa chất Hà Bắc",88,"unreviewed","https://www.openstreetmap.org/way/628676102"
"osm_way_537845763","Nhà máy giấy Lee & Man Việt Nam",80,"unreviewed","https://www.openstreetmap.org/way/537845763"
"osm_way_1183902229","Nhà máy Nhiệt Điện LNG Quảng Trạch II & III",80,"unreviewed","https://www.openstreetmap.org/way/1183902229"
"osm_way_329108254","Nhà máy xi măng Chinfon",75,"unreviewed","https://www.openstreetmap.org/way/329108254"
"osm_way_537845449","Nhà máy nhiệt điện Sông Hậu",75,"unreviewed","https://www.openstreetmap.org/way/537845449"
"osm_way_638295006","POSCO Vietnam",75,"unreviewed","https://www.openstreetmap.org/way/638295006"
"osm_way_1056538991","Nhà máy Nhiệt điện Vĩnh Tân 4",73,"unreviewed","https://www.openstreetmap.org/way/1056538991"
"osm_way_1086826149","Nhà máy Nhiệt điện Hải Dương 1",73,"unreviewed","https://www.openstreetmap.org/way/1086826149"
"osm_way_468746467","Công ty Cổ phần Xi măng VICEM Hạ Long",72,"unreviewed","https://www.openstreetmap.org/way/468746467"
"osm_way_876286207","Tổng công ty Ba Son",72,"unreviewed","https://www.openstreetmap.org/way/876286207"
"osm_way_1419412042","Tổng kho Xăng dầu Nhà Bè",72,"unreviewed","https://www.openstreetmap.org/way/1419412042"
"osm_way_1487151128","Khu liên hợp gang thép tỉnh Cao Bằng",72,"unreviewed","https://www.openstreetmap.org/way/1487151128"
"osm_way_1317933708","Nhà máy Nhiệt điện Thái Bình 1",71,"unreviewed","https://www.openstreetmap.org/way/1317933708"
"osm_way_1177836561","Nhà máy Xi măng Bình Phước - VICEM Hà Tiên",70,"unreviewed","https://www.openstreetmap.org/way/1177836561"
"osm_way_483449554","Công ty Cổ phần Supe Phốt phát và Hóa chất Lâm Thao",67,"unreviewed","https://www.openstreetmap.org/way/483449554"
"osm_way_584372263","Cảng Chu Lai",67,"unreviewed","https://www.openstreetmap.org/way/584372263"
"osm_way_588975260","Hyundai Vinashin",67,"unreviewed","https://www.openstreetmap.org/way/588975260"
"osm_way_628382614","Công ty Cổ phần Xi măng VICEM Bút Sơn",67,"unreviewed","https://www.openstreetmap.org/way/628382614"
"osm_way_638294998","Formosa Đồng Nai",66,"unreviewed","https://www.openstreetmap.org/way/638294998"
"osm_way_641548793","Công ty Cổ phần Xi măng Bỉm Sơn",65,"unreviewed","https://www.openstreetmap.org/way/641548793"
"osm_way_648531621","Công ty Xi măng VICEM Hoàng Thạch",65,"unreviewed","https://www.openstreetmap.org/way/648531621"
"osm_way_793226889","KSX Bình Chuẩn",63,"unreviewed","https://www.openstreetmap.org/way/793226889"
"osm_way_519123417","Nhà máy Xử lý Khí Dinh Cố",62,"unreviewed","https://www.openstreetmap.org/way/519123417"
"osm_way_755708794","Cuụm công nghiệp Mỹ Hiệp",61,"unreviewed","https://www.openstreetmap.org/way/755708794"
"osm_way_1327819042","CÔNG TY TNHH CÔNG NGHIỆP JINKO SOLAR VIỆT NAM",61,"unreviewed","https://www.openstreetmap.org/way/1327819042"
"osm_way_1374307494","Công ty TNHH MTV Xi măng Xuân Thành Quảng Nam",60,"unreviewed","https://www.openstreetmap.org/way/1374307494"
"osm_way_631139675","Nhà máy Đóng tàu Nam Triệu",59,"unreviewed","https://www.openstreetmap.org/way/631139675"
"osm_way_396415683","Nhà máy Giấy Bãi Bằng",57,"unreviewed","https://www.openstreetmap.org/way/396415683"
"osm_way_983545570","Nhà máy Nhiệt điện Vũng Áng 1",57,"unreviewed","https://www.openstreetmap.org/way/983545570"
"osm_way_631153204","Công ty Đóng tàu Phà Rừng",56,"unreviewed","https://www.openstreetmap.org/way/631153204"
"osm_way_749605211","Nhà máy xi măng Văn Hóa",56,"unreviewed","https://www.openstreetmap.org/way/749605211"
"osm_way_1317933707","Nhà máy Nhiệt điện Thái Bình 2",55,"unreviewed","https://www.openstreetmap.org/way/1317933707"
"osm_relation_16942144","Nhà máy Nhiệt điện Hải Phòng",55,"unreviewed","https://www.openstreetmap.org/relation/16942144"
"osm_way_640353844","Cảng Trường Thọ",54,"unreviewed","https://www.openstreetmap.org/way/640353844"
"osm_way_1270596860","Kho xăng dầu ngoại quan Vân Phong",54,"unreviewed","https://www.openstreetmap.org/way/1270596860"
"osm_way_892132026","Khu Liên Hợp Gang Thép Nghi Sơn",53,"unreviewed","https://www.openstreetmap.org/way/892132026"
"osm_way_1212825196","Nhà máy đạm Cà Mau",53,"unreviewed","https://www.openstreetmap.org/way/1212825196"
"osm_way_628785654","Nhà máy Xi măng Tây Ninh",52,"unreviewed","https://www.openstreetmap.org/way/628785654"
"osm_way_793537333","Cảng Nghi Sơn",52,"unreviewed","https://www.openstreetmap.org/way/793537333"
"osm_way_595823887","Công ty Samsung Thái Nguyên",51,"unreviewed","https://www.openstreetmap.org/way/595823887"
"osm_way_1317937609","Nhà máy điện Nhơn Trạch 3 & 4",50,"unreviewed","https://www.openstreetmap.org/way/1317937609"
