"id","name_vi","name_en","category","province_en","status","area_ha","geometry_type","part_count","source_url"
"osm_relation_19849694","Khu Công nghệ cao Hòa Lạc","Hoa Lac Hi-Tech Park","hi_tech_park","Ha Noi","operational",1075.36934472079,"polygon",1,"https://www.openstreetmap.org/relation/19849694"
"osm_way_1389555876","Cụm công nghiệp Bích Hoà",NA,"industrial_cluster","Ha Noi","operational",9.74424087936352,"polygon",1,"https://www.openstreetmap.org/way/1389555876"
"osm_way_842611501","Cụm công nghiệp Biên Giang",NA,"industrial_cluster","Ha Noi","operational",14.5685858345344,"polygon",1,"https://www.openstreetmap.org/way/842611501"
"osm_relation_16130748","Cụm công nghiệp Bình Phú I",NA,"industrial_cluster","Ha Noi","operational",16.4670550524821,"polygon",1,"https://www.openstreetmap.org/relation/16130748"
"osm_way_1345355014","Cụm công nghiệp Cầu Nổi",NA,"industrial_cluster","Ha Noi","operational",12.7265691708733,"polygon",1,"https://www.openstreetmap.org/way/1345355014"
"osm_way_1389555875","Cụm công nghiệp Chàng Sơn",NA,"industrial_cluster","Ha Noi","operational",16.4959503294273,"polygon",1,"https://www.openstreetmap.org/way/1389555875"
"osm_way_1389555880","Cụm công nghiệp Đắc Sở",NA,"industrial_cluster","Ha Noi","operational",5.38503514198801,"polygon",1,"https://www.openstreetmap.org/way/1389555880"
"osm_way_1345355008","Cụm công nghiệp Di Trạch",NA,"industrial_cluster","Ha Noi","operational",10.6376196259787,"polygon",1,"https://www.openstreetmap.org/way/1345355008"
"osm_way_1389555878","Cụm công nghiệp Đông Sơn",NA,"industrial_cluster","Ha Noi","operational",4.57959099943023,"polygon",1,"https://www.openstreetmap.org/way/1389555878"
"osm_relation_18876246","Cụm công nghiệp Dương Liễu",NA,"industrial_cluster","Ha Noi","operational",11.5829394096949,"polygon",1,"https://www.openstreetmap.org/relation/18876246"
"osm_way_1298270127","Cụm công nghiệp Duyên Thái",NA,"industrial_cluster","Ha Noi","operational",19.7673005783639,"polygon",1,"https://www.openstreetmap.org/way/1298270127"
"osm_way_593793804","Cụm công nghiệp Hà Bình Phương",NA,"industrial_cluster","Ha Noi","operational",47.1730069098006,"polygon",1,"https://www.openstreetmap.org/way/593793804"
"osm_way_1389555879","Cụm công nghiệp Hồ Điền",NA,"industrial_cluster","Ha Noi","operational",12.9005235860092,"polygon",1,"https://www.openstreetmap.org/way/1389555879"
"osm_way_1389555874","Cụm công nghiệp Kim Quan",NA,"industrial_cluster","Ha Noi","operational",12.7234991559683,"polygon",1,"https://www.openstreetmap.org/way/1389555874"
"osm_relation_18458660","Cụm công nghiệp La Phù",NA,"industrial_cluster","Ha Noi","operational",13.6233138971092,"polygon",1,"https://www.openstreetmap.org/relation/18458660"
"osm_way_632763524","Cụm công nghiệp Lai Xá",NA,"industrial_cluster","Ha Noi","operational",32.1928621149304,"polygon",1,"https://www.openstreetmap.org/way/632763524"
"osm_way_1230260364","Cụm công nghiệp Lại Yên",NA,"industrial_cluster","Ha Noi","operational",31.28825615464,"polygon",1,"https://www.openstreetmap.org/way/1230260364"
"osm_node_12672418260","Cụm Công Nghiệp Lam Điền",NA,"industrial_cluster","Ha Noi","unknown",NA,"point",1,"https://www.openstreetmap.org/node/12672418260"
"osm_way_1389555865","Cụm công nghiệp làng nghề Bát Tràng",NA,"industrial_cluster","Ha Noi","operational",15.7892510472471,"polygon",1,"https://www.openstreetmap.org/way/1389555865"
"osm_way_1458080168","Cụm công nghiệp làng nghề cơ khí - mộc Nguyên Hanh",NA,"industrial_cluster","Ha Noi","operational",7.12557693518692,"polygon",1,"https://www.openstreetmap.org/way/1458080168"
"osm_way_1389555864","Cụm công nghiệp làng nghề Đại Thắng",NA,"industrial_cluster","Ha Noi","under_construction",7.45719913036877,"polygon",1,"https://www.openstreetmap.org/way/1389555864"
"osm_way_1389555863","Cụm công nghiệp làng nghề Phú Túc",NA,"industrial_cluster","Ha Noi","operational",7.23140280130256,"polygon",1,"https://www.openstreetmap.org/way/1389555863"
"osm_way_1370236504","Cụm công nghiệp làng nghề Phú Yên",NA,"industrial_cluster","Ha Noi","under_construction",13.3729541022198,"polygon",1,"https://www.openstreetmap.org/way/1370236504"
"osm_way_759194964","Cụm công nghiệp làng nghề Tân Triều",NA,"industrial_cluster","Ha Noi","operational",7.32544782649583,"polygon",1,"https://www.openstreetmap.org/way/759194964"
"osm_way_1389431587","Cụm công nghiệp làng nghề xã Kiêu Kỵ",NA,"industrial_cluster","Ha Noi","operational",10.8171052060718,"polygon",1,"https://www.openstreetmap.org/way/1389431587"
"osm_way_560585167","Cụm công nghiệp Liên Hà",NA,"industrial_cluster","Ha Noi","operational",17.7151991400918,"polygon",1,"https://www.openstreetmap.org/way/560585167"
"osm_way_1389555877","Cụm công nghiệp Liên Hà",NA,"industrial_cluster","Ha Noi","operational",2.90114128708603,"polygon",1,"https://www.openstreetmap.org/way/1389555877"
"osm_way_1458203103","Cụm công nghiệp Liên Hà 2",NA,"industrial_cluster","Ha Noi","operational",20.8388024989156,"polygon",1,"https://www.openstreetmap.org/way/1458203103"
"osm_way_1345355003","Cụm công nghiệp Liên Hiệp",NA,"industrial_cluster","Ha Noi","operational",3.36225601104512,"polygon",1,"https://www.openstreetmap.org/way/1345355003"
"osm_relation_20618281","Cụm công nghiệp Liên Phương",NA,"industrial_cluster","Ha Noi","operational",17.1434918046776,"polygon",1,"https://www.openstreetmap.org/relation/20618281"
"osm_way_1105528602","Cụm công nghiệp Ngọc Hoà",NA,"industrial_cluster","Ha Noi","operational",11.6386383732236,"polygon",1,"https://www.openstreetmap.org/way/1105528602"
"osm_way_251931709","Cụm công nghiệp Ngọc Hồi",NA,"industrial_cluster","Ha Noi","operational",55.8769534025113,"polygon",1,"https://www.openstreetmap.org/way/251931709"
"osm_way_1348434387","Cụm công nghiệp Ngọc Liệp",NA,"industrial_cluster","Ha Noi","operational",23.1462641951776,"polygon",1,"https://www.openstreetmap.org/way/1348434387"
"osm_way_1389555869","Cụm công nghiệp Ngọc Sơn",NA,"industrial_cluster","Ha Noi","operational",14.2237181358097,"polygon",1,"https://www.openstreetmap.org/way/1389555869"
"osm_way_1330108881","Cụm công nghiệp Nguyên Khê",NA,"industrial_cluster","Ha Noi","operational",98.0153910030698,"polygon",1,"https://www.openstreetmap.org/way/1330108881"
"osm_way_693979021","Cụm công nghiệp Ninh Hiệp",NA,"industrial_cluster","Ha Noi","operational",62.0285559361866,"polygon",1,"https://www.openstreetmap.org/way/693979021"
"osm_way_1416954379","Cụm công nghiệp Ô tô Nguyên Khê",NA,"industrial_cluster","Ha Noi","operational",18.7844262876318,"polygon",1,"https://www.openstreetmap.org/way/1416954379"
"osm_way_351035451","Cụm công nghiệp Phú Minh",NA,"industrial_cluster","Ha Noi","operational",34.083057687464,"polygon",1,"https://www.openstreetmap.org/way/351035451"
"osm_way_1189779471","Cụm công nghiệp Phú Thị",NA,"industrial_cluster","Ha Noi","operational",33.6770986849569,"polygon",1,"https://www.openstreetmap.org/way/1189779471"
"osm_way_1389555866","Cụm công nghiệp Phú Thịnh",NA,"industrial_cluster","Ha Noi","operational",8.23546430382029,"polygon",1,"https://www.openstreetmap.org/way/1389555866"
"osm_way_741264059","Cụm công nghiệp Phùng",NA,"industrial_cluster","Ha Noi","operational",35.3434896424689,"polygon",1,"https://www.openstreetmap.org/way/741264059"
"osm_way_1192433611","Cụm công nghiệp Phùng Xá",NA,"industrial_cluster","Ha Noi","operational",11.4883330853739,"polygon",1,"https://www.openstreetmap.org/way/1192433611"
"osm_way_1188779455","Cụm công nghiệp Quất Động",NA,"industrial_cluster","Ha Noi","operational",70.7195287297948,"polygon",1,"https://www.openstreetmap.org/way/1188779455"
"osm_way_1389555862","Cụm công nghiệp Song Phượng",NA,"industrial_cluster","Ha Noi","under_construction",7.08519535542968,"polygon",1,"https://www.openstreetmap.org/way/1389555862"
"osm_way_595927298","Cụm công nghiệp Thanh Oai",NA,"industrial_cluster","Ha Noi","operational",53.7108937781582,"polygon",1,"https://www.openstreetmap.org/way/595927298"
"osm_relation_17036129","Cụm Công nghiệp Thanh Oai - Xuân Đỉnh","Thanh Oai Industrial Cluster - Xuan Dinh Ward","industrial_cluster","Ha Noi","unknown",NA,"point",1,"https://www.openstreetmap.org/relation/17036129"
"osm_way_1370166337","Cụm công nghiệp Thanh Thuỳ",NA,"industrial_cluster","Ha Noi","operational",5.34739974017105,"polygon",1,"https://www.openstreetmap.org/way/1370166337"
"osm_way_1436050210","Cụm công nghiệp thực phẩm Hapro",NA,"industrial_cluster","Ha Noi","operational",25.5471999072623,"polygon",1,"https://www.openstreetmap.org/way/1436050210"
"osm_way_1345355012","Cụm công nghiệp Trường An",NA,"industrial_cluster","Ha Noi","operational",11.3548046845346,"polygon",1,"https://www.openstreetmap.org/way/1345355012"
"osm_way_1389555867","Cụm công nghiệp Vân Hà",NA,"industrial_cluster","Ha Noi","operational",4.93928111271886,"polygon",1,"https://www.openstreetmap.org/way/1389555867"
"osm_way_1345355007","Cụm công nghiệp Võng Xuyên",NA,"industrial_cluster","Ha Noi","under_construction",5.83462905869725,"polygon",1,"https://www.openstreetmap.org/way/1345355007"
"osm_relation_18027474","Cụm công nghiệp vừa và nhỏ Từ Liêm",NA,"industrial_cluster","Ha Noi","operational",63.3270516796759,"polygon",1,"https://www.openstreetmap.org/relation/18027474"
"osm_way_1389555873","Cụm công nghiệp Yên Sơn",NA,"industrial_cluster","Ha Noi","operational",8.3203213223763,"polygon",1,"https://www.openstreetmap.org/way/1389555873"
"osm_way_1230260365","Khu công nghiệp An Ninh",NA,"industrial_park","Ha Noi","operational",8.04740851923011,"polygon",1,"https://www.openstreetmap.org/way/1230260365"
"osm_way_384465529","Khu công nghiệp Bắc Thăng Long",NA,"industrial_park","Ha Noi","operational",296.803388529954,"polygon",1,"https://www.openstreetmap.org/way/384465529"
"osm_relation_12993849","Khu công nghiệp Bắc Thăng Long - Bến xe Gia Lâm","Bac Thang Long Industrial Park - Gia Lam Bus Station","industrial_park","Ha Noi","unknown",NA,"point",1,"https://www.openstreetmap.org/relation/12993849"
"osm_relation_17054991","Khu công nghiệp Bắc Thăng Long - Tiến Thịnh (Mê Linh)","Bac Thang Long Industrial Park - Tien Thinh (Yen Lang Commune)","industrial_park","Ha Noi","unknown",NA,"point",1,"https://www.openstreetmap.org/relation/17054991"
"osm_way_1024692744","Khu công nghiệp Cầu Giáo",NA,"industrial_park","Ha Noi","operational",21.1634488636106,"polygon",1,"https://www.openstreetmap.org/way/1024692744"
"osm_way_637656011","Khu công nghiệp Dương Xá A",NA,"industrial_park","Ha Noi","operational",37.9599273789417,"polygon",1,"https://www.openstreetmap.org/way/637656011"
"osm_way_908338997","Khu công nghiệp Hà Nội - Đài Tư","Hanoi – Dai Tu Industrial Park","industrial_park","Ha Noi","operational",40.0409623439992,"polygon",1,"https://www.openstreetmap.org/way/908338997"
"osm_way_1493788014","Khu công nghiệp Hoàng Mai",NA,"industrial_park","Ha Noi","operational",19.5685648174726,"polygon",2,"https://www.openstreetmap.org/way/1493788014"
"osm_way_676033260","Khu công nghiệp Nam Thăng Long",NA,"industrial_park","Ha Noi","operational",30.6353514556048,"polygon",1,"https://www.openstreetmap.org/way/676033260"
"osm_way_642234178","Khu công nghiệp Nội Bài",NA,"industrial_park","Ha Noi","operational",114.829842509182,"polygon",1,"https://www.openstreetmap.org/way/642234178"
"osm_way_842611500","Khu công nghiệp Phú Nghĩa",NA,"industrial_park","Ha Noi","operational",172.69250577749,"polygon",1,"https://www.openstreetmap.org/way/842611500"
"osm_relation_17047068","Khu công nghiệp Phú Nghĩa - Nam Thăng Long","Phu Nghia Industrial Park - Nam Thang Long Bus Interchange","industrial_park","Ha Noi","unknown",NA,"point",1,"https://www.openstreetmap.org/relation/17047068"
"osm_way_597870255","Khu công nghiệp Quang Minh",NA,"industrial_park","Ha Noi","operational",314.7574719756,"polygon",1,"https://www.openstreetmap.org/way/597870255"
"osm_way_28475336","Khu công nghiệp Sài Đồng B","Sai Dong B Industrial Park","industrial_park","Ha Noi","operational",68.0184330674637,"polygon",1,"https://www.openstreetmap.org/way/28475336"
"osm_relation_16130747","Khu công nghiệp Thạch Thất - Quốc Oai",NA,"industrial_park","Ha Noi","operational",157.284620870284,"polygon",1,"https://www.openstreetmap.org/relation/16130747"
"osm_way_1524898082","Khu công nghiệp Vĩnh Hoàng",NA,"industrial_park","Ha Noi","operational",1.37460324520361,"polygon",1,"https://www.openstreetmap.org/way/1524898082"
"osm_way_1487151130","Khu công nghiệp Chu Trinh",NA,"industrial_park","Cao Bang","operational",56.4632906339218,"polygon",1,"https://www.openstreetmap.org/way/1487151130"
"osm_way_1417711908","Khu công nghiệp Bình Vàng",NA,"industrial_park","Tuyen Quang","operational",105.848322744353,"polygon",1,"https://www.openstreetmap.org/way/1417711908"
"osm_way_886686184","Cụm Công nghiệp Việt Cường 1",NA,"industrial_cluster","Thai Nguyen","operational",17.4973010640734,"polygon",1,"https://www.openstreetmap.org/way/886686184"
"osm_way_886686617","Cụm Công nghiệp Việt Cường 2",NA,"industrial_cluster","Thai Nguyen","operational",29.9851955803964,"polygon",1,"https://www.openstreetmap.org/way/886686617"
"osm_way_595823815","Khu công nghiệp Điềm Thụy","Diem Thuy Industrial Zone","industrial_park","Thai Nguyen","operational",146.492949762461,"polygon",1,"https://www.openstreetmap.org/way/595823815"
"osm_way_483040802","Khu công nghiệp Gang Thép Thái Nguyên","Thái Nguyên Steel","industrial_park","Thai Nguyen","operational",220.15657986144,"polygon",1,"https://www.openstreetmap.org/way/483040802"
"osm_way_483072761","Khu công nghiệp Sông Công I",NA,"industrial_park","Thai Nguyen","operational",89.7219256706741,"polygon",2,"https://www.openstreetmap.org/way/483072761"
"osm_way_854769497","Khu công nghiệp Sông Công II","Song Cong II Industrial Park","industrial_park","Thai Nguyen","operational",238.641998271187,"polygon",1,"https://www.openstreetmap.org/way/854769497"
"osm_way_1137272848","Khu công nghiệp Thanh Bình",NA,"industrial_park","Thai Nguyen","operational",41.20006928092,"polygon",1,"https://www.openstreetmap.org/way/1137272848"
"osm_way_482837619","Khu công nghiệp Yên Bình","Yen Binh Industrial Zone","industrial_park","Thai Nguyen","operational",406.349164451297,"polygon",1,"https://www.openstreetmap.org/way/482837619"
"osm_relation_19873792","Cụm công nghiệp Phương Nam",NA,"industrial_cluster","Quang Ninh","operational",62.6786499457814,"polygon",1,"https://www.openstreetmap.org/relation/19873792"
"osm_way_1342598567","Khu công nghiệp Bắc Tiền Phong",NA,"industrial_park","Quang Ninh","operational",158.960814458779,"polygon",1,"https://www.openstreetmap.org/way/1342598567"
"osm_relation_19047910","Khu công nghiệp Cái Lân","Cái Lân Industrial Zone","industrial_park","Quang Ninh","operational",149.909104606652,"polygon",1,"https://www.openstreetmap.org/relation/19047910"
"osm_way_1183626964","Khu công nghiệp Đông Mai",NA,"industrial_park","Quang Ninh","operational",156.048083434357,"polygon",1,"https://www.openstreetmap.org/way/1183626964"
"osm_way_286780042","Khu công nghiệp Hải Hòa",NA,"industrial_park","Quang Ninh","operational",4.81706766322513,"polygon",1,"https://www.openstreetmap.org/way/286780042"
"osm_way_487991000","Khu công nghiệp Hải Yên",NA,"industrial_park","Quang Ninh","operational",86.5723631743395,"polygon",1,"https://www.openstreetmap.org/way/487991000"
"osm_way_1183626963","Khu công nghiệp Sông Khoai",NA,"industrial_park","Quang Ninh","operational",231.170098892456,"polygon",1,"https://www.openstreetmap.org/way/1183626963"
"osm_relation_19202928","Khu công nghiệp Việt Hưng",NA,"industrial_park","Quang Ninh","operational",78.6855712495475,"polygon",1,"https://www.openstreetmap.org/relation/19202928"
"osm_way_690896893","Texhong Vietnam Industrial Zone",NA,"industrial_park","Quang Ninh","operational",284.245365535179,"polygon",1,"https://www.openstreetmap.org/way/690896893"
"osm_way_1467206617","Cụm CN Thanh Vân - Bắc Giang",NA,"industrial_cluster","Bac Ninh","operational",55.9082493014662,"polygon",1,"https://www.openstreetmap.org/way/1467206617"
"osm_way_661161690","Cụm Công nghiệp Châu Khê",NA,"industrial_cluster","Bac Ninh","operational",14.0210706457206,"polygon",1,"https://www.openstreetmap.org/way/661161690"
"osm_way_875632633","Cụm công nghiệp Châu Phong",NA,"industrial_cluster","Bac Ninh","operational",48.4156737588538,"polygon",1,"https://www.openstreetmap.org/way/875632633"
"osm_way_661161689","Cụm Công nghiệp Đa Hội",NA,"industrial_cluster","Bac Ninh","operational",9.32724769741241,"polygon",1,"https://www.openstreetmap.org/way/661161689"
"osm_way_1265422060","Cụm công nghiệp đa nghề Đình Bảng",NA,"industrial_cluster","Bac Ninh","operational",14.7928681761134,"polygon",1,"https://www.openstreetmap.org/way/1265422060"
"osm_way_1328569917","Cụm công nghiệp dịch vụ làng nghề Apec Đa Hội",NA,"industrial_cluster","Bac Ninh","operational",14.7154154889939,"polygon",1,"https://www.openstreetmap.org/way/1328569917"
"osm_way_749744617","Cụm công nghiệp Đông Thọ",NA,"industrial_cluster","Bac Ninh","operational",60.3611405360701,"polygon",1,"https://www.openstreetmap.org/way/749744617"
"osm_node_12672420755","Cụm Công Nghiệp Eco",NA,"industrial_cluster","Bac Ninh","unknown",NA,"point",1,"https://www.openstreetmap.org/node/12672420755"
"osm_way_875632670","Cụm công nghiệp Khắc Niệm",NA,"industrial_cluster","Bac Ninh","operational",118.108533879403,"polygon",1,"https://www.openstreetmap.org/way/875632670"
"osm_way_1462757216","Cụm Công Nghiệp Làng Nghề Đại Bái (Nghề đồng)",NA,"industrial_cluster","Bac Ninh","operational",22.6578619700866,"polygon",1,"https://www.openstreetmap.org/way/1462757216"
"osm_way_1386085012","Cụm Công Nghiệp Mả Ông",NA,"industrial_cluster","Bac Ninh","operational",5.25921157131437,"polygon",1,"https://www.openstreetmap.org/way/1386085012"
"osm_way_628689959","Cụm công nghiệp Phong Khê",NA,"industrial_cluster","Bac Ninh","operational",18.4435275977643,"polygon",1,"https://www.openstreetmap.org/way/628689959"
"osm_way_1451542942","Cụm Công Nghiệp Phú Lâm",NA,"industrial_cluster","Bac Ninh","operational",23.8930712211891,"polygon",1,"https://www.openstreetmap.org/way/1451542942"
"osm_way_1461790201","Cụm Công Nghiệp Yên Lư",NA,"industrial_cluster","Bac Ninh","operational",453.133629370572,"polygon",1,"https://www.openstreetmap.org/way/1461790201"
"osm_way_1459341105","KCN Quế Võ II - giai đoạn 2",NA,"industrial_park","Bac Ninh","under_construction",238.709763771359,"polygon",1,"https://www.openstreetmap.org/way/1459341105"
"osm_relation_18888808","KCN VSIP - Chi Lăng",NA,"industrial_park","Bac Ninh","unknown",NA,"point",1,"https://www.openstreetmap.org/relation/18888808"
"osm_way_642268651","Khu công nghiệp Đại Đồng - Hoàn Sơn","Dai Dong - Hoan Son Industrial Park","industrial_park","Bac Ninh","operational",268.305566197955,"polygon",1,"https://www.openstreetmap.org/way/642268651"
"osm_way_597865634","Khu công nghiệp Đình Trám",NA,"industrial_park","Bac Ninh","operational",145.110267068774,"polygon",1,"https://www.openstreetmap.org/way/597865634"
"osm_way_1489181623","Khu Công nghiệp Gia Bình I",NA,"industrial_park","Bac Ninh","operational",316.726994024928,"polygon",1,"https://www.openstreetmap.org/way/1489181623"
"osm_way_1346104850","Khu công nghiệp Gia Bình II","Gia Binh II Industrial Zone","industrial_park","Bac Ninh","operational",250.934179929249,"polygon",1,"https://www.openstreetmap.org/way/1346104850"
"osm_way_642268658","Khu công nghiệp Hanaka",NA,"industrial_park","Bac Ninh","operational",48.7013925869306,"polygon",1,"https://www.openstreetmap.org/way/642268658"
"osm_way_1157349503","Khu công nghiệp Hoà Phú",NA,"industrial_park","Bac Ninh","operational",187.119215841688,"polygon",1,"https://www.openstreetmap.org/way/1157349503"
"osm_way_1265422032","Khu công nghiệp Nam Sơn - Hạp Lĩnh",NA,"industrial_park","Bac Ninh","operational",166.239855037487,"polygon",1,"https://www.openstreetmap.org/way/1265422032"
"osm_way_806896214","Khu công nghiệp Quang Châu",NA,"industrial_park","Bac Ninh","operational",433.498431802131,"polygon",1,"https://www.openstreetmap.org/way/806896214"
"osm_way_597872887","Khu công nghiệp Quế Võ","Que Vo Industrial Zone","industrial_park","Bac Ninh","operational",619.057603408648,"polygon",1,"https://www.openstreetmap.org/way/597872887"
"osm_way_597920929","Khu công nghiệp Quế Võ II",NA,"industrial_park","Bac Ninh","operational",126.881002211405,"polygon",1,"https://www.openstreetmap.org/way/597920929"
"osm_way_1184113104","Khu công nghiệp Quế Võ III",NA,"industrial_park","Bac Ninh","operational",139.124782527765,"polygon",1,"https://www.openstreetmap.org/way/1184113104"
"osm_way_1453949602","Khu Công nghiệp Quế Võ mở rộng 2",NA,"industrial_park","Bac Ninh","under_construction",173.735499878116,"polygon",1,"https://www.openstreetmap.org/way/1453949602"
"osm_relation_15646446","Khu công nghiệp Song Khê - Nội Hoàng",NA,"industrial_park","Bac Ninh","operational",171.244960341663,"polygon",1,"https://www.openstreetmap.org/relation/15646446"
"osm_way_1119170920","Khu công nghiệp Thuận Thành 2",NA,"industrial_park","Bac Ninh","operational",213.078214807741,"polygon",1,"https://www.openstreetmap.org/way/1119170920"
"osm_way_1119170923","Khu công nghiệp Thuận Thành 3",NA,"industrial_park","Bac Ninh","operational",107.734161169531,"polygon",1,"https://www.openstreetmap.org/way/1119170923"
"osm_way_1467190501","Khu công nghiệp Thuận Thành III",NA,"industrial_park","Bac Ninh","operational",294.14323694679,"polygon",1,"https://www.openstreetmap.org/way/1467190501"
"osm_way_28473576","Khu công nghiệp Tiên Sơn","Tien Son Industrial Park","industrial_park","Bac Ninh","operational",379.089387568136,"polygon",1,"https://www.openstreetmap.org/way/28473576"
"osm_way_704069818","Khu công nghiệp Vân Trung",NA,"industrial_park","Bac Ninh","operational",344.464402640192,"polygon",1,"https://www.openstreetmap.org/way/704069818"
"osm_way_897187625","Khu công nghiệp Việt Hàn",NA,"industrial_park","Bac Ninh","operational",52.8595211535145,"polygon",2,"https://www.openstreetmap.org/way/897187625"
"osm_way_642274405","Khu công nghiệp VSIP Bắc Ninh","Vietnam-Singapore Industrial Park (VSIP Bac Ninh)","industrial_park","Bac Ninh","operational",435.588286003951,"polygon",1,"https://www.openstreetmap.org/way/642274405"
"osm_way_875632648","Khu công nghiệp Xử lý chất thải môi trường Đồng Sài - Phù Lãng",NA,"industrial_park","Bac Ninh","operational",60.5989822185334,"polygon",1,"https://www.openstreetmap.org/way/875632648"
"osm_way_598146230","Khu công nghiệp Yên Phong - Giai đoạn 1","Yen Phong Industrial Zone - Phase 1","industrial_park","Bac Ninh","operational",302.067350436563,"polygon",1,"https://www.openstreetmap.org/way/598146230"
"osm_way_1257183941","Khu Công Nghiệp Yên Phong II","VSIP Yen Phong II Industrial Park","industrial_park","Bac Ninh","operational",326.953970514197,"polygon",2,"https://www.openstreetmap.org/way/1257183941"
"osm_way_1257183934","Khu Công Nghiệp Yên Phong II C","Yen Phong II C Industrial Park","industrial_park","Bac Ninh","operational",174.275543401836,"polygon",1,"https://www.openstreetmap.org/way/1257183934"
"osm_way_805410975","Khu công nghiệp Yên Phong mở rộng",NA,"industrial_park","Bac Ninh","operational",284.097241496795,"polygon",1,"https://www.openstreetmap.org/way/805410975"
"osm_way_1056385992","Cụm công nghiệp Đồng Lạng",NA,"industrial_cluster","Phu Tho","operational",35.2044791001255,"polygon",1,"https://www.openstreetmap.org/way/1056385992"
"osm_way_1194204001","Cụm công nghiệp Đồng Sóc",NA,"industrial_cluster","Phu Tho","operational",89.4540310675323,"polygon",1,"https://www.openstreetmap.org/way/1194204001"
"osm_way_1515828995","Cụm công nghiệp Làng nghề Thanh Lãng",NA,"industrial_cluster","Phu Tho","operational",7.55694482110126,"polygon",1,"https://www.openstreetmap.org/way/1515828995"
"osm_way_818615783","Cụm công nghiệp Thổ Tang",NA,"industrial_cluster","Phu Tho","operational",17.2316546503472,"polygon",1,"https://www.openstreetmap.org/way/818615783"
"osm_way_772939822","Khu công nghiệp Bá Thiện",NA,"industrial_park","Phu Tho","operational",322.201060212367,"polygon",1,"https://www.openstreetmap.org/way/772939822"
"osm_way_596051687","Khu công nghiệp Bá Thiện II",NA,"industrial_park","Phu Tho","operational",191.449549933163,"polygon",1,"https://www.openstreetmap.org/way/596051687"
"osm_way_596051727","Khu công nghiệp Bình Xuyên",NA,"industrial_park","Phu Tho","operational",275.611088797156,"polygon",1,"https://www.openstreetmap.org/way/596051727"
"osm_way_596051697","Khu công nghiệp Bình Xuyên II",NA,"industrial_park","Phu Tho","operational",39.2205854536798,"polygon",1,"https://www.openstreetmap.org/way/596051697"
"osm_way_628713840","Khu công nghiệp Bờ trài Sông Đà",NA,"industrial_park","Phu Tho","operational",56.8934458783793,"polygon",1,"https://www.openstreetmap.org/way/628713840"
"osm_way_1462470343","Khu công nghiệp Cẩm Khê",NA,"industrial_park","Phu Tho","operational",441.87178004794,"polygon",1,"https://www.openstreetmap.org/way/1462470343"
"osm_way_596051675","Khu công nghiệp Khai Quang",NA,"industrial_park","Phu Tho","operational",177.099815008332,"polygon",1,"https://www.openstreetmap.org/way/596051675"
"osm_way_772939833","Khu công nghiệp Kim Hoa",NA,"industrial_park","Phu Tho","operational",86.2599546142526,"polygon",1,"https://www.openstreetmap.org/way/772939833"
"osm_way_628712542","Khu công nghiệp Lương Sơn","Luong Son Industrial Park","industrial_park","Phu Tho","operational",77.0851596789429,"polygon",1,"https://www.openstreetmap.org/way/628712542"
"osm_way_630404556","Khu công nghiệp Mông Hóa",NA,"industrial_park","Phu Tho","operational",41.1622711264329,"polygon",1,"https://www.openstreetmap.org/way/630404556"
"osm_way_596051696","Khu công nghiệp Thăng Long Vĩnh Phúc",NA,"industrial_park","Phu Tho","operational",210.353560080096,"polygon",1,"https://www.openstreetmap.org/way/596051696"
"osm_way_631678334","Khu công nghiệp Thuỵ Vân",NA,"industrial_park","Phu Tho","operational",282.256661770768,"polygon",1,"https://www.openstreetmap.org/way/631678334"
"osm_way_1056385990","Khu công nghiệp Trung Hà",NA,"industrial_park","Phu Tho","operational",61.7341623725263,"polygon",1,"https://www.openstreetmap.org/way/1056385990"
"osm_way_1468130121","Cụm CN Cao An",NA,"industrial_cluster","Hai Phong","operational",129.203425741523,"polygon",1,"https://www.openstreetmap.org/way/1468130121"
"osm_way_1467207665","Cụm Công Nghiệp Đoàn Tùng",NA,"industrial_cluster","Hai Phong","operational",32.8221584925648,"polygon",1,"https://www.openstreetmap.org/way/1467207665"
"osm_way_697662289","Cụm công nghiệp Tân Liên A",NA,"industrial_cluster","Hai Phong","operational",57.0575300603217,"polygon",1,"https://www.openstreetmap.org/way/697662289"
"osm_relation_19352441","KCN VSIP Thủy Nguyên - Cầu Đăng - Xã Vĩnh Hải",NA,"industrial_park","Hai Phong","unknown",NA,"point",1,"https://www.openstreetmap.org/relation/19352441"
"osm_relation_19352137","KCN VSIP Thủy Nguyên - Trung tâm Chính trị Hành chính Thành phố - Đồ Sơn",NA,"industrial_park","Hai Phong","unknown",NA,"point",1,"https://www.openstreetmap.org/relation/19352137"
"osm_way_1183626950","Khu công nghiệp An Dương",NA,"industrial_park","Hai Phong","operational",169.810364338368,"polygon",1,"https://www.openstreetmap.org/way/1183626950"
"osm_way_919395266","Khu công nghiệp Cộng Hoà",NA,"industrial_park","Hai Phong","operational",142.663377739346,"polygon",1,"https://www.openstreetmap.org/way/919395266"
"osm_way_597896810","Khu công nghiệp Đại An",NA,"industrial_park","Hai Phong","operational",316.952861008117,"polygon",3,"https://www.openstreetmap.org/way/597896810"
"osm_way_627990023","Khu Công Nghiệp Đình Vũ","Dinh Vu Industrial Area","industrial_park","Hai Phong","operational",1051.15237895895,"polygon",2,"https://www.openstreetmap.org/way/627990023"
"osm_way_597913808","Khu công nghiệp Đồ Sơn",NA,"industrial_park","Hai Phong","operational",148.532196168549,"polygon",1,"https://www.openstreetmap.org/way/597913808"
"osm_way_1328293937","Khu công nghiệp Kỹ thuật cao An Phát",NA,"industrial_park","Hai Phong","operational",48.3232874216952,"polygon",1,"https://www.openstreetmap.org/way/1328293937"
"osm_way_1328293911","Khu công nghiệp Lai Cách - Cao An",NA,"industrial_park","Hai Phong","operational",96.8475926111428,"polygon",1,"https://www.openstreetmap.org/way/1328293911"
"osm_way_733047147","Khu công nghiệp Lai Vu",NA,"industrial_park","Hai Phong","operational",186.48317468127,"polygon",1,"https://www.openstreetmap.org/way/733047147"
"osm_way_631036815","Khu công nghiệp Nam Cầu Kiền",NA,"industrial_park","Hai Phong","operational",156.829150753145,"polygon",1,"https://www.openstreetmap.org/way/631036815"
"osm_way_1157356620","Khu công nghiệp Nam Sách",NA,"industrial_park","Hai Phong","operational",61.6396100570036,"polygon",1,"https://www.openstreetmap.org/way/1157356620"
"osm_way_241201293","Khu công nghiệp Nhật Bản - Hải Phòng",NA,"industrial_park","Hai Phong","operational",153.759729015863,"polygon",1,"https://www.openstreetmap.org/way/241201293"
"osm_way_597885883","Khu công nghiệp Phúc Điền",NA,"industrial_park","Hai Phong","operational",78.2288610768062,"polygon",1,"https://www.openstreetmap.org/way/597885883"
"osm_way_597911424","Khu công nghiệp Tân Trường",NA,"industrial_park","Hai Phong","operational",188.411179939678,"polygon",1,"https://www.openstreetmap.org/way/597911424"
"osm_way_1167614580","Khu công nghiệp Tiên Lãng",NA,"industrial_park","Hai Phong","operational",34.556397582592,"polygon",1,"https://www.openstreetmap.org/way/1167614580"
"osm_way_654588622","Khu công nghiệp Tràng Duệ",NA,"industrial_park","Hai Phong","operational",327.36269094557,"polygon",1,"https://www.openstreetmap.org/way/654588622"
"osm_way_631139841","Khu công nghiệp VSIP",NA,"industrial_park","Hai Phong","operational",322.844287294398,"polygon",1,"https://www.openstreetmap.org/way/631139841"
"osm_way_1157356622","Khu công nghiệp VSIP Hải Dương",NA,"industrial_park","Hai Phong","operational",146.84364865415,"polygon",1,"https://www.openstreetmap.org/way/1157356622"
"osm_way_28475345","Cụm CN Thị Trấn Như Quỳnh",NA,"industrial_cluster","Hung Yen","operational",53.5146408747824,"polygon",1,"https://www.openstreetmap.org/way/28475345"
"osm_way_1486475002","Cụm công nghiệp Phạm Ngũ Lão - Nghĩa Dân",NA,"industrial_cluster","Hung Yen","under_construction",76.9914473210726,"polygon",1,"https://www.openstreetmap.org/way/1486475002"
"osm_relation_20298135","Cụm công nghiệp Quảng Lãng - Đặng Lễ",NA,"industrial_cluster","Hung Yen","under_construction",70.5589038477,"polygon",1,"https://www.openstreetmap.org/relation/20298135"
"osm_way_916474171","Khu công nghiệp Cầu Nghìn",NA,"industrial_park","Hung Yen","operational",66.6283561263979,"polygon",1,"https://www.openstreetmap.org/way/916474171"
"osm_way_1308939939","Khu công nghiệp Dệt may Phố Nối",NA,"industrial_park","Hung Yen","operational",97.6031548101581,"polygon",2,"https://www.openstreetmap.org/way/1308939939"
"osm_way_484379376","Khu công nghiệp Gia Lễ",NA,"industrial_park","Hung Yen","operational",78.4389473819726,"polygon",1,"https://www.openstreetmap.org/way/484379376"
"osm_way_598142077","Khu công nghiệp Minh Đức","Minh Duc Industrial Zone","industrial_park","Hung Yen","operational",205.548302531287,"polygon",1,"https://www.openstreetmap.org/way/598142077"
"osm_way_1308941469","Khu công nghiệp Minh Quang",NA,"industrial_park","Hung Yen","operational",143.97037063223,"polygon",1,"https://www.openstreetmap.org/way/1308941469"
"osm_way_629896123","Khu công nghiệp Nguyễn Đức Cảnh",NA,"industrial_park","Hung Yen","operational",88.3229294218324,"polygon",1,"https://www.openstreetmap.org/way/629896123"
"osm_way_595840992","Khu công nghiệp Phố Nối A",NA,"industrial_park","Hung Yen","operational",805.136088189159,"polygon",2,"https://www.openstreetmap.org/way/595840992"
"osm_way_597913405","Khu công nghiệp Phúc Khánh",NA,"industrial_park","Hung Yen","operational",123.447097128005,"polygon",1,"https://www.openstreetmap.org/way/597913405"
"osm_way_1299254693","Khu công nghiệp Sạch Hưng Yên",NA,"industrial_park","Hung Yen","operational",134.803586775682,"polygon",1,"https://www.openstreetmap.org/way/1299254693"
"osm_way_1546662971","Khu công nghiệp số 03",NA,"industrial_park","Hung Yen","operational",154.165724088232,"polygon",1,"https://www.openstreetmap.org/way/1546662971"
"osm_relation_21176401","Khu công nghiệp số 05",NA,"industrial_park","Hung Yen","operational",189.681099466972,"polygon",1,"https://www.openstreetmap.org/relation/21176401"
"osm_way_1183605045","Khu công nghiệp Sông Trà",NA,"industrial_park","Hung Yen","operational",97.342406257603,"polygon",1,"https://www.openstreetmap.org/way/1183605045"
"osm_way_1284411572","Khu công nghiệp Tân Quang - Như Quỳnh",NA,"industrial_park","Hung Yen","operational",65.6368189567385,"polygon",1,"https://www.openstreetmap.org/way/1284411572"
"osm_way_633668122","Khu công nghiệp Thăng Long II",NA,"industrial_park","Hung Yen","operational",351.23993388432,"polygon",1,"https://www.openstreetmap.org/way/633668122"
"osm_way_638509092","Khu công nghiệp Tiền Hải",NA,"industrial_park","Hung Yen","operational",221.773094440885,"polygon",1,"https://www.openstreetmap.org/way/638509092"
"osm_way_1429890056","Khu công nghiệp Văn Giang -giai đoạn 1",NA,"industrial_park","Hung Yen","operational",296.360622666927,"polygon",4,"https://www.openstreetmap.org/way/1429890056"
"osm_way_1308939951","Khu công nghiệp Yên Mỹ",NA,"industrial_park","Hung Yen","operational",164.878015181595,"polygon",1,"https://www.openstreetmap.org/way/1308939951"
"osm_way_736768941","Khu công nghiệp Yên Mỹ II",NA,"industrial_park","Hung Yen","operational",102.780332315724,"polygon",1,"https://www.openstreetmap.org/way/736768941"
"osm_way_629975099","Cụm CN An Xá",NA,"industrial_cluster","Ninh Binh","operational",61.0738725698154,"polygon",1,"https://www.openstreetmap.org/way/629975099"
"osm_way_1453078396","Cụm công nghiệp Bình Lục",NA,"industrial_cluster","Ninh Binh","operational",24.6478987450535,"polygon",1,"https://www.openstreetmap.org/way/1453078396"
"osm_way_1430454696","Cụm công nghiệp Trực Tuấn",NA,"industrial_cluster","Ninh Binh","operational",76.6871654935591,"polygon",1,"https://www.openstreetmap.org/way/1430454696"
"osm_way_337216625","Khu công nghiệp Bảo Minh","Bao Minh Industrial Park","industrial_park","Ninh Binh","operational",151.560344682949,"polygon",1,"https://www.openstreetmap.org/way/337216625"
"osm_way_1292143993","Khu Công Nghiệp dệt may Rạng Đông","Rang Dong Textile Industrial Park","industrial_park","Ninh Binh","operational",440.212570240374,"polygon",1,"https://www.openstreetmap.org/way/1292143993"
"osm_way_597852036","Khu công nghiệp Đồng Văn I","Dong Van I Industrial Area","industrial_park","Ninh Binh","operational",162.522820715316,"polygon",1,"https://www.openstreetmap.org/way/597852036"
"osm_way_1299444252","Khu công nghiệp Đồng Văn I mở rộng","Dong Van I Industrial Park (extended)","industrial_park","Ninh Binh","operational",93.0671529903297,"polygon",1,"https://www.openstreetmap.org/way/1299444252"
"osm_way_1184963865","Khu công nghiệp Đồng Văn II","Dong Van II Industrial Area","industrial_park","Ninh Binh","operational",355.149937422455,"polygon",2,"https://www.openstreetmap.org/way/1184963865"
"osm_way_1184923978","Khu công nghiệp Đồng Văn III","Dong Van III Industrial Area","industrial_park","Ninh Binh","operational",103.492927922721,"polygon",1,"https://www.openstreetmap.org/way/1184923978"
"osm_way_1337945101","Khu công nghiệp Đồng Văn IV",NA,"industrial_park","Ninh Binh","operational",293.281447035338,"polygon",1,"https://www.openstreetmap.org/way/1337945101"
"osm_way_641567443","Khu công nghiệp Gián Khẩu","Gian Khau Industrial Park","industrial_park","Ninh Binh","operational",178.487198774454,"polygon",1,"https://www.openstreetmap.org/way/641567443"
"osm_way_746547580","Khu Công Nghiệp Hải Hậu",NA,"industrial_park","Ninh Binh","operational",28.3498144577077,"polygon",2,"https://www.openstreetmap.org/way/746547580"
"osm_way_1184923891","Khu công nghiệp hỗ trợ Đồng Văn III","Dong Van III Supporting Industrial Park","industrial_park","Ninh Binh","operational",50.7387776707741,"polygon",2,"https://www.openstreetmap.org/way/1184923891"
"osm_way_671534841","Khu công nghiệp Hòa Mạc",NA,"industrial_park","Ninh Binh","operational",126.246413107054,"polygon",1,"https://www.openstreetmap.org/way/671534841"
"osm_way_280678043","Khu công nghiệp Hoà Xá",NA,"industrial_park","Ninh Binh","operational",292.929751953972,"polygon",1,"https://www.openstreetmap.org/way/280678043"
"osm_way_720018478","Khu công nghiệp Khánh Cư",NA,"industrial_park","Ninh Binh","operational",52.2067627425355,"polygon",1,"https://www.openstreetmap.org/way/720018478"
"osm_way_514641127","Khu công nghiệp Khánh Phú",NA,"industrial_park","Ninh Binh","operational",349.861623093105,"polygon",1,"https://www.openstreetmap.org/way/514641127"
"osm_way_1420859964","Khu Công nghiệp Kim Bảng I tỉnh Hà Nam",NA,"industrial_park","Ninh Binh","operational",226.889826186489,"polygon",1,"https://www.openstreetmap.org/way/1420859964"
"osm_way_1092767652","Khu công nghiệp Phúc Sơn","Phuc Son Industrial area","industrial_park","Ninh Binh","operational",103.286965716884,"polygon",3,"https://www.openstreetmap.org/way/1092767652"
"osm_way_1345180985","Khu Công Nghiệp Thái Hà","Thai Ha Industrial area","industrial_park","Ninh Binh","operational",157.297196907449,"polygon",1,"https://www.openstreetmap.org/way/1345180985"
"osm_way_715162954","Khu công nghiệp Thanh Liêm",NA,"industrial_park","Ninh Binh","operational",243.516501559245,"polygon",1,"https://www.openstreetmap.org/way/715162954"
"osm_way_734767762","My Trung Industrial park",NA,"industrial_park","Ninh Binh","operational",6.41845082406494,"polygon",1,"https://www.openstreetmap.org/way/734767762"
"osm_way_598122602","Khu công nghiệp Bỉm Sơn - khu A","Bim Son Industrial Zone (A)","industrial_park","Thanh Hoa","operational",29.8704516230658,"polygon",1,"https://www.openstreetmap.org/way/598122602"
"osm_way_641548815","Khu công nghiệp Bỉm Sơn - khu B",NA,"industrial_park","Thanh Hoa","operational",67.6455808083262,"polygon",1,"https://www.openstreetmap.org/way/641548815"
"osm_way_1253667259","Khu công nghiệp Bỉm Sơn A",NA,"industrial_park","Thanh Hoa","operational",218.492722673461,"polygon",1,"https://www.openstreetmap.org/way/1253667259"
"osm_way_628789947","Khu công nghiệp Lễ Môn",NA,"industrial_park","Thanh Hoa","operational",89.4817622000479,"polygon",1,"https://www.openstreetmap.org/way/628789947"
"osm_way_628548211","Khu công nghiệp Tây Bắc Ga",NA,"industrial_park","Thanh Hoa","operational",131.321054796735,"polygon",1,"https://www.openstreetmap.org/way/628548211"
"osm_way_1183836665","Khu CN VSIP Nghệ An","VSIP Nghe An Industrial Park","industrial_park","Nghe An","operational",594.54634625895,"polygon",4,"https://www.openstreetmap.org/way/1183836665"
"osm_way_1183634222","Khu công nghiệp Bắc Vinh",NA,"industrial_park","Nghe An","operational",53.6027820261137,"polygon",1,"https://www.openstreetmap.org/way/1183634222"
"osm_way_631370043","Khu công nghiệp Nam Cẩm",NA,"industrial_park","Nghe An","operational",252.174422871978,"polygon",3,"https://www.openstreetmap.org/way/631370043"
"osm_way_1332615755","Cụm công nghiệp Đức Thọ",NA,"industrial_cluster","Ha Tinh","operational",18.4253754157177,"polygon",1,"https://www.openstreetmap.org/way/1332615755"
"osm_way_693909458","Khu công nghiệp Bắc Đồng Hới","Dong Hoi North Industrial Park","industrial_park","Quang Tri","operational",139.860585486921,"polygon",2,"https://www.openstreetmap.org/way/693909458"
"osm_way_631311066","Khu công nghiệp Cảng biển Hòn La",NA,"industrial_park","Quang Tri","operational",60.3601781593431,"polygon",1,"https://www.openstreetmap.org/way/631311066"
"osm_way_626442151","Khu công nghiệp Nam Đông Hà",NA,"industrial_park","Quang Tri","operational",97.1968740671071,"polygon",1,"https://www.openstreetmap.org/way/626442151"
"osm_way_693909486","Khu công nghiệp Tây Bắc Đồng Hới","Northwest Dong Hoi Industrial Park","industrial_park","Quang Tri","operational",54.7603615778004,"polygon",1,"https://www.openstreetmap.org/way/693909486"
"osm_way_1219978043","Khu Công Nghiệp Tây Bắc Quán Hàu","Quan Hau Industrial park","industrial_park","Quang Tri","operational",141.031969449913,"polygon",2,"https://www.openstreetmap.org/way/1219978043"
"osm_way_1434553935","Khu công nghiệp Phong Điền","Phong Dien Industrial Park","industrial_park","Hue","operational",663.180948309311,"polygon",1,"https://www.openstreetmap.org/way/1434553935"
"osm_way_626402291","Khu công nghiệp Phú Bài",NA,"industrial_park","Hue","operational",194.083319852429,"polygon",1,"https://www.openstreetmap.org/way/626402291"
"osm_relation_17576915","Khu Công nghệ Cao - Cảng Sông Hàn",NA,"hi_tech_park","Da Nang","unknown",NA,"point",1,"https://www.openstreetmap.org/relation/17576915"
"osm_way_583371364","Khu công nghệ cao Đà Nẵng","Da Nang Hi-tech Park","hi_tech_park","Da Nang","operational",547.385868719753,"polygon",1,"https://www.openstreetmap.org/way/583371364"
"osm_way_1448102552","Cụm công nghiệp Hà Lam - Chợ Được",NA,"industrial_cluster","Da Nang","operational",74.6884000054955,"polygon",1,"https://www.openstreetmap.org/way/1448102552"
"osm_way_531448670","Cụm Công nghiệp Thương Tín",NA,"industrial_cluster","Da Nang","operational",31.4173890379691,"polygon",1,"https://www.openstreetmap.org/way/531448670"
"osm_way_118609254","Danang Industrial Park",NA,"industrial_park","Da Nang","operational",13.2982682733135,"polygon",2,"https://www.openstreetmap.org/way/118609254"
"osm_way_591511627","Khu Công Nghiệp - Hậu Cần Cảng Tam Hiệp",NA,"industrial_park","Da Nang","operational",123.73774079567,"polygon",1,"https://www.openstreetmap.org/way/591511627"
"osm_way_584942874","Khu công nghiệp Điện Nam – Điện Ngọc",NA,"industrial_park","Da Nang","operational",312.73130579908,"polygon",1,"https://www.openstreetmap.org/way/584942874"
"osm_way_1448108749","Khu công nghiệp Đông Quế Sơn",NA,"industrial_park","Da Nang","operational",95.2759035408494,"polygon",1,"https://www.openstreetmap.org/way/1448108749"
"osm_way_586970040","Khu Công nghiệp Hoà Cầm",NA,"industrial_park","Da Nang","operational",117.922172216221,"polygon",1,"https://www.openstreetmap.org/way/586970040"
"osm_relation_16032278","Khu công nghiệp Hòa Khánh","Hoa Khanh Industrial Area","industrial_park","Da Nang","operational",498.529519870173,"polygon",1,"https://www.openstreetmap.org/relation/16032278"
"osm_way_1218998231","Khu công nghiệp Liên Chiểu","Lien Chieu Industrial Zone","industrial_park","Da Nang","operational",137.934502965317,"polygon",1,"https://www.openstreetmap.org/way/1218998231"
"osm_way_559966611","Khu công nghiệp may",NA,"industrial_park","Da Nang","operational",2.59612531257707,"polygon",1,"https://www.openstreetmap.org/way/559966611"
"osm_way_586350686","Khu công nghiệp Tam Thăng",NA,"industrial_park","Da Nang","operational",150.534490372894,"polygon",1,"https://www.openstreetmap.org/way/586350686"
"osm_way_521222160","Khu công nghiệp Tịnh Phong",NA,"industrial_park","Quang Ngai","operational",131.479116153268,"polygon",1,"https://www.openstreetmap.org/way/521222160"
"osm_way_241066566","Cụm Công nghiệp Phú An",NA,"industrial_cluster","Gia Lai","operational",25.1996984918915,"polygon",1,"https://www.openstreetmap.org/way/241066566"
"osm_way_1311569468","Khu công nghiệp Becamex Bình Định","Becamex Binh Dinh Industrial Park","industrial_park","Gia Lai","operational",350.170616802296,"polygon",1,"https://www.openstreetmap.org/way/1311569468"
"osm_way_194451948","Khu công nghiệp Nhơn Bình",NA,"industrial_park","Gia Lai","operational",29.7198086685328,"polygon",1,"https://www.openstreetmap.org/way/194451948"
"osm_way_208546620","Khu công nghiệp Nhơn Hòa",NA,"industrial_park","Gia Lai","operational",264.499158940944,"polygon",1,"https://www.openstreetmap.org/way/208546620"
"osm_way_1422861577","Khu công nghiệp Nhơn Hội A",NA,"industrial_park","Gia Lai","operational",393.109866802017,"polygon",1,"https://www.openstreetmap.org/way/1422861577"
"osm_way_163784975","Cụm Công Nghiệp Diên Phú",NA,"industrial_cluster","Khanh Hoa","operational",30.9847485209289,"polygon",1,"https://www.openstreetmap.org/way/163784975"
"osm_way_1418295423","Cụm công nghiệp Sông Cầu",NA,"industrial_cluster","Khanh Hoa","operational",38.3724038420128,"polygon",1,"https://www.openstreetmap.org/way/1418295423"
"osm_way_1418823242","Cụm công nghiệp Tháp Chàm",NA,"industrial_cluster","Khanh Hoa","operational",18.3913161069812,"polygon",1,"https://www.openstreetmap.org/way/1418823242"
"osm_way_1415427006","Cụm công nghiệp Trảng É",NA,"industrial_cluster","Khanh Hoa","operational",54.8164746616036,"polygon",1,"https://www.openstreetmap.org/way/1415427006"
"osm_way_475148361","Khu công nghiệp Suối Dầu",NA,"industrial_park","Khanh Hoa","operational",140.122798731228,"polygon",1,"https://www.openstreetmap.org/way/475148361"
"osm_way_925999757","Khu công nghiệp Thành Hải",NA,"industrial_park","Khanh Hoa","operational",83.6077612938748,"polygon",1,"https://www.openstreetmap.org/way/925999757"
"osm_way_627214209","Cụm công nghiệp Hòa An",NA,"industrial_cluster","Dak Lak","operational",6.86411475554258,"polygon",1,"https://www.openstreetmap.org/way/627214209"
"osm_way_243203797","Cụm công nghiệp Tân An",NA,"industrial_cluster","Dak Lak","operational",109.952882521018,"polygon",1,"https://www.openstreetmap.org/way/243203797"
"osm_way_693435724","Khu công nghiệp An Phú",NA,"industrial_park","Dak Lak","operational",62.3818932307774,"polygon",1,"https://www.openstreetmap.org/way/693435724"
"osm_way_642935041","Khu công nghiệp Đông Bắc Sông Cầu",NA,"industrial_park","Dak Lak","operational",110.87452290116,"polygon",1,"https://www.openstreetmap.org/way/642935041"
"osm_way_643165759","Khu công nghiệp Hòa Hiệp",NA,"industrial_park","Dak Lak","operational",102.214532585154,"polygon",1,"https://www.openstreetmap.org/way/643165759"
"osm_way_182822939","Khu công nghiệp Hòa Phú",NA,"industrial_park","Dak Lak","operational",149.921362357982,"polygon",1,"https://www.openstreetmap.org/way/182822939"
"osm_way_1462736597","Cụm công nghiệp Đông Hà",NA,"industrial_cluster","Lam Dong","operational",106.362223685469,"polygon",1,"https://www.openstreetmap.org/way/1462736597"
"osm_way_1462737710","Cụm Công Nghiệp Nam Hà",NA,"industrial_cluster","Lam Dong","operational",120.614623872425,"polygon",1,"https://www.openstreetmap.org/way/1462737710"
"osm_way_1462740195","Cụm công nghiệp Nam Hà II",NA,"industrial_cluster","Lam Dong","operational",115.521510037519,"polygon",1,"https://www.openstreetmap.org/way/1462740195"
"osm_way_666647368","Cụm Công nghiệp Thắng Hải",NA,"industrial_cluster","Lam Dong","operational",48.7008763705655,"polygon",1,"https://www.openstreetmap.org/way/666647368"
"osm_way_924401530","Khu công nghiệp Hàm Kiệm I",NA,"industrial_park","Lam Dong","operational",588.504210703501,"polygon",1,"https://www.openstreetmap.org/way/924401530"
"osm_way_729008638","Khu công nghiệp Lộc Sơn",NA,"industrial_park","Lam Dong","operational",179.384846657232,"polygon",1,"https://www.openstreetmap.org/way/729008638"
"osm_way_633510473","Khu công nghiệp Phan Thiết",NA,"industrial_park","Lam Dong","operational",113.657359468632,"polygon",1,"https://www.openstreetmap.org/way/633510473"
"osm_way_729019544","Khu công nghiệp Phú Hội",NA,"industrial_park","Lam Dong","operational",86.4958731555079,"polygon",1,"https://www.openstreetmap.org/way/729019544"
"osm_way_182515009","Khu công nghiệp Tâm Thắng",NA,"industrial_park","Lam Dong","operational",199.135374521329,"polygon",1,"https://www.openstreetmap.org/way/182515009"
"osm_way_1074421163","Cụm Công nghiệp Phú Cường",NA,"industrial_cluster","Dong Nai","operational",44.3765071247253,"polygon",1,"https://www.openstreetmap.org/way/1074421163"
"osm_way_762471603","Cụm công nghiệp Phú Thạnh - Vĩnh Thanh",NA,"industrial_cluster","Dong Nai","operational",85.6691536397459,"polygon",1,"https://www.openstreetmap.org/way/762471603"
"osm_way_1016187111","Cụm Công nghiệp Thạnh Phú - Thiện Tân",NA,"industrial_cluster","Dong Nai","operational",92.3042645277648,"polygon",1,"https://www.openstreetmap.org/way/1016187111"
"osm_node_12535607272","Amata City Long Thanh Industrial Park",NA,"industrial_park","Dong Nai","unknown",NA,"point",1,"https://www.openstreetmap.org/node/12535607272"
"osm_way_597919509","Chon Thanh I Industrial Zone",NA,"industrial_park","Dong Nai","operational",246.3112455081,"polygon",1,"https://www.openstreetmap.org/way/597919509"
"osm_way_583464295","Khu công nghiệp Amata",NA,"industrial_park","Dong Nai","operational",600.115633141731,"polygon",2,"https://www.openstreetmap.org/way/583464295"
"osm_way_1462512216","Khu công nghiệp Bắc Đồng Phú",NA,"industrial_park","Dong Nai","operational",167.104648930229,"polygon",1,"https://www.openstreetmap.org/way/1462512216"
"osm_way_1462513965","Khu công nghiệp Bắc Đồng Phú Khu B",NA,"industrial_park","Dong Nai","operational",408.119972695921,"polygon",1,"https://www.openstreetmap.org/way/1462513965"
"osm_way_321136900","Khu công nghiệp Bàu Xéo","Bau Xeo Industrial Park","industrial_park","Dong Nai","operational",524.032669344876,"polygon",1,"https://www.openstreetmap.org/way/321136900"
"osm_way_1461706252","Khu công nghiệp Becamex",NA,"industrial_park","Dong Nai","operational",780.566391598354,"polygon",1,"https://www.openstreetmap.org/way/1461706252"
"osm_way_790558235","Khu công nghiệp Becamex Bình Phước",NA,"industrial_park","Dong Nai","operational",403.786751621744,"polygon",1,"https://www.openstreetmap.org/way/790558235"
"osm_way_568387663","Khu công nghiệp Biên Hòa 1",NA,"industrial_park","Dong Nai","operational",296.929568335088,"polygon",1,"https://www.openstreetmap.org/way/568387663"
"osm_way_306132369","Khu công nghiệp Biên Hòa 2",NA,"industrial_park","Dong Nai","operational",400.371465406753,"polygon",1,"https://www.openstreetmap.org/way/306132369"
"osm_way_1465014906","Khu công nghiệp Công nghệ cao Long Thành",NA,"industrial_park","Dong Nai","operational",210.35501196568,"polygon",1,"https://www.openstreetmap.org/way/1465014906"
"osm_way_631548585","Khu công nghiệp Dầu Giây","Dau Giay Industrial Zone","industrial_park","Dong Nai","operational",332.325672872613,"polygon",1,"https://www.openstreetmap.org/way/631548585"
"osm_way_1376626461","Khu công nghiệp Định Quán","Dinh Quan Industrial Zone","industrial_park","Dong Nai","operational",57.4882447564121,"polygon",1,"https://www.openstreetmap.org/way/1376626461"
"osm_way_597920108","Khu công nghiệp Đồng Xoài I",NA,"industrial_park","Dong Nai","operational",176.214868507711,"polygon",1,"https://www.openstreetmap.org/way/597920108"
"osm_way_1462771156","Khu công nghiệp Đồng Xoài II",NA,"industrial_park","Dong Nai","operational",69.5181484684958,"polygon",1,"https://www.openstreetmap.org/way/1462771156"
"osm_way_1462511195","Khu công nghiệp Đồng Xoài III",NA,"industrial_park","Dong Nai","operational",296.350878457983,"polygon",1,"https://www.openstreetmap.org/way/1462511195"
"osm_way_793350526","Khu công nghiệp Giang Điền",NA,"industrial_park","Dong Nai","operational",460.139811301202,"polygon",1,"https://www.openstreetmap.org/way/793350526"
"osm_way_1225327680","Khu công nghiệp Hố Nai 3","Ho Nai Industrial Zone","industrial_park","Dong Nai","operational",381.166836588637,"polygon",1,"https://www.openstreetmap.org/way/1225327680"
"osm_way_322590398","Khu công nghiệp Lộc An - Bình Sơn",NA,"industrial_park","Dong Nai","operational",519.624302682962,"polygon",1,"https://www.openstreetmap.org/way/322590398"
"osm_way_882356440","Khu công nghiệp Long Đức",NA,"industrial_park","Dong Nai","operational",461.529965589282,"polygon",1,"https://www.openstreetmap.org/way/882356440"
"osm_way_714064293","Khu công nghiệp Long Khánh",NA,"industrial_park","Dong Nai","operational",246.487445597756,"polygon",1,"https://www.openstreetmap.org/way/714064293"
"osm_way_718462141","Khu công nghiệp Long Thành","Long Thanh Industrial Zone","industrial_park","Dong Nai","operational",441.340235368771,"polygon",1,"https://www.openstreetmap.org/way/718462141"
"osm_way_583464298","Khu công nghiệp Loteco",NA,"industrial_park","Dong Nai","operational",99.4936984412006,"polygon",1,"https://www.openstreetmap.org/way/583464298"
"osm_way_366493800","Khu công nghiệp Nhơn Trạch",NA,"industrial_park","Dong Nai","operational",2525.67828207646,"polygon",1,"https://www.openstreetmap.org/way/366493800"
"osm_way_1222385074","Khu công nghiệp Sông Mây",NA,"industrial_park","Dong Nai","operational",193.044924070552,"polygon",1,"https://www.openstreetmap.org/way/1222385074"
"osm_way_1178756648","Khu công nghiệp Tam Phước",NA,"industrial_park","Dong Nai","operational",302.497521055269,"polygon",1,"https://www.openstreetmap.org/way/1178756648"
"osm_way_924383400","Khu công nghiệp Xuân Lộc",NA,"industrial_park","Dong Nai","operational",73.6613460616306,"polygon",1,"https://www.openstreetmap.org/way/924383400"
"osm_way_327898250","Khu chế xuất Linh Trung I","Linh Trung I Export Processing Zone","export_processing_zone","Ho Chi Minh City","operational",132.705993457313,"polygon",1,"https://www.openstreetmap.org/way/327898250"
"osm_way_1053215663","Khu chế xuất Linh Trung II",NA,"export_processing_zone","Ho Chi Minh City","operational",61.7471901605079,"polygon",1,"https://www.openstreetmap.org/way/1053215663"
"osm_relation_17540366","Khu chế xuất Linh Trung II - Long Trường - Khu du lịch BCR",NA,"export_processing_zone","Ho Chi Minh City","unknown",NA,"point",1,"https://www.openstreetmap.org/relation/17540366"
"osm_way_377269911","Khu chế xuất Tân Thuận",NA,"export_processing_zone","Ho Chi Minh City","operational",242.337727642706,"polygon",1,"https://www.openstreetmap.org/way/377269911"
"osm_relation_6289815","Khu công nghệ cao Thành phố Hồ Chí Minh","Saigon Hi-Tech Park","hi_tech_park","Ho Chi Minh City","operational",926.931489071412,"polygon",1,"https://www.openstreetmap.org/relation/6289815"
"osm_node_4173032595","Khu công nghệ cao Việt - Sing",NA,"hi_tech_park","Ho Chi Minh City","unknown",NA,"point",1,"https://www.openstreetmap.org/node/4173032595"
"osm_way_270876378","Cụm CN-TTCN Hắc Dịch",NA,"industrial_cluster","Ho Chi Minh City","operational",34.3261571745224,"polygon",1,"https://www.openstreetmap.org/way/270876378"
"osm_way_271395222","Cụm CN-TTCN Tóc Tiên 8",NA,"industrial_cluster","Ho Chi Minh City","operational",14.988621093885,"polygon",1,"https://www.openstreetmap.org/way/271395222"
"osm_way_277999908","Cụm Công nghiệp Khí Thấp Áp",NA,"industrial_cluster","Ho Chi Minh City","operational",29.6805595789452,"polygon",1,"https://www.openstreetmap.org/way/277999908"
"osm_way_533312484","Cụm công nghiệp Phong Phú",NA,"industrial_cluster","Ho Chi Minh City","operational",17.2652941461434,"polygon",1,"https://www.openstreetmap.org/way/533312484"
"osm_way_1338782176","Cụm công nghiệp Phước Tân",NA,"industrial_cluster","Ho Chi Minh City","operational",53.7807797999528,"polygon",1,"https://www.openstreetmap.org/way/1338782176"
"osm_node_12672413691","Cụm Công Nghiệp Tân Thành",NA,"industrial_cluster","Ho Chi Minh City","unknown",NA,"point",1,"https://www.openstreetmap.org/node/12672413691"
"osm_way_516578020","Khu công nghiệp An Hạ",NA,"industrial_park","Ho Chi Minh City","operational",113.230103927807,"polygon",1,"https://www.openstreetmap.org/way/516578020"
"osm_way_790548272","Khu công nghiệp Bàu Bàng","Bau Bang Industrial Zone","industrial_park","Ho Chi Minh City","operational",2586.44563816028,"polygon",1,"https://www.openstreetmap.org/way/790548272"
"osm_way_503373077","Khu Công nghiệp Bình Chiểu",NA,"industrial_park","Ho Chi Minh City","operational",28.669181907364,"polygon",1,"https://www.openstreetmap.org/way/503373077"
"osm_way_291853380","Khu công nghiệp Bình Đường",NA,"industrial_park","Ho Chi Minh City","operational",17.5854004500285,"polygon",1,"https://www.openstreetmap.org/way/291853380"
"osm_way_1355895112","Khu công nghiệp Cát Lái 2","Cat Lai 2 Industrial Zone","industrial_park","Ho Chi Minh City","operational",133.666820511348,"polygon",1,"https://www.openstreetmap.org/way/1355895112"
"osm_way_594483046","Khu công nghiệp chuyên sâu Phú Mỹ 3",NA,"industrial_park","Ho Chi Minh City","operational",337.34204661507,"polygon",1,"https://www.openstreetmap.org/way/594483046"
"osm_way_566356404","Khu công nghiệp Đá Bạc",NA,"industrial_park","Ho Chi Minh City","operational",62.8538155681827,"polygon",1,"https://www.openstreetmap.org/way/566356404"
"osm_way_783792019","Khu công nghiệp Đại Đăng",NA,"industrial_park","Ho Chi Minh City","operational",166.689989693618,"polygon",2,"https://www.openstreetmap.org/way/783792019"
"osm_way_857583505","Khu công nghiệp Đất Cuốc (Khu A)",NA,"industrial_park","Ho Chi Minh City","operational",158.748077505786,"polygon",1,"https://www.openstreetmap.org/way/857583505"
"osm_way_857583506","Khu công nghiệp Đất Cuốc (Khu B)",NA,"industrial_park","Ho Chi Minh City","operational",150.269213189362,"polygon",1,"https://www.openstreetmap.org/way/857583506"
"osm_way_1342085617","Khu công nghiệp Đất Đỏ",NA,"industrial_park","Ho Chi Minh City","operational",351.864760240352,"polygon",1,"https://www.openstreetmap.org/way/1342085617"
"osm_way_291052399","Khu công nghiệp Dệt may Bình An",NA,"industrial_park","Ho Chi Minh City","operational",21.6369681243582,"polygon",1,"https://www.openstreetmap.org/way/291052399"
"osm_way_323602532","Khu công nghiệp Đồng An 1",NA,"industrial_park","Ho Chi Minh City","operational",148.583821082279,"polygon",1,"https://www.openstreetmap.org/way/323602532"
"osm_way_497979359","Khu công nghiệp Đồng An 2","Dong An 2 Industrial Park","industrial_park","Ho Chi Minh City","operational",190.467001444336,"polygon",1,"https://www.openstreetmap.org/way/497979359"
"osm_relation_17432875","Khu công nghiệp Đông Nam - Bến xe Ngã tư Ga",NA,"industrial_park","Ho Chi Minh City","unknown",NA,"point",1,"https://www.openstreetmap.org/relation/17432875"
"osm_way_654617274","Khu công nghiệp Đông Nam Củ Chi",NA,"industrial_park","Ho Chi Minh City","operational",215.450386045585,"polygon",1,"https://www.openstreetmap.org/way/654617274"
"osm_way_743811856","Khu công nghiệp Đông Xuyên","Dong Xuyen Industrial Park","industrial_park","Ho Chi Minh City","operational",172.604968306947,"polygon",2,"https://www.openstreetmap.org/way/743811856"
"osm_way_1357939694","Khu công nghiệp Hiệp Phước","Hiep Phuoc Industrial Park","industrial_park","Ho Chi Minh City","operational",552.757229059255,"polygon",1,"https://www.openstreetmap.org/way/1357939694"
"osm_way_597925817","Khu công nghiệp Kim Huy",NA,"industrial_park","Ho Chi Minh City","operational",132.239723036577,"polygon",1,"https://www.openstreetmap.org/way/597925817"
"osm_way_514726183","Khu công nghiệp Lê Minh Xuân",NA,"industrial_park","Ho Chi Minh City","operational",104.877608987899,"polygon",1,"https://www.openstreetmap.org/way/514726183"
"osm_way_759187612","Khu công nghiệp Mỹ Phước 1",NA,"industrial_park","Ho Chi Minh City","operational",280.36715799952,"polygon",1,"https://www.openstreetmap.org/way/759187612"
"osm_way_654555792","Khu công nghiệp Mỹ Phước 3",NA,"industrial_park","Ho Chi Minh City","operational",295.190355307251,"polygon",2,"https://www.openstreetmap.org/way/654555792"
"osm_way_317515592","Khu công nghiệp Mỹ Xuân A",NA,"industrial_park","Ho Chi Minh City","operational",284.519028332619,"polygon",1,"https://www.openstreetmap.org/way/317515592"
"osm_way_319538030","Khu công nghiệp Mỹ Xuân A2",NA,"industrial_park","Ho Chi Minh City","operational",469.386603690527,"polygon",1,"https://www.openstreetmap.org/way/319538030"
"osm_way_566708588","Khu công nghiệp Mỹ Xuân B1 - Conac",NA,"industrial_park","Ho Chi Minh City","operational",223.089719511263,"polygon",1,"https://www.openstreetmap.org/way/566708588"
"osm_way_319538031","Khu công nghiệp Mỹ Xuân B1 - Tiến Hùng",NA,"industrial_park","Ho Chi Minh City","operational",172.826237397219,"polygon",1,"https://www.openstreetmap.org/way/319538031"
"osm_way_627782061","Khu công nghiệp Nam Tân Uyên",NA,"industrial_park","Ho Chi Minh City","operational",347.298575954493,"polygon",1,"https://www.openstreetmap.org/way/627782061"
"osm_way_1218993278","Khu công nghiệp Nam Tân Uyên mở rộng",NA,"industrial_park","Ho Chi Minh City","operational",268.86431388331,"polygon",1,"https://www.openstreetmap.org/way/1218993278"
"osm_way_366287225","Khu công nghiệp Nhị Xuân",NA,"industrial_park","Ho Chi Minh City","operational",82.1405898521761,"polygon",1,"https://www.openstreetmap.org/way/366287225"
"osm_relation_17502793","Khu công nghiệp Nhị Xuân - Bến xe An Sương",NA,"industrial_park","Ho Chi Minh City","unknown",NA,"point",1,"https://www.openstreetmap.org/relation/17502793"
"osm_relation_17438220","Khu công nghiệp Nhơn Trạch - Bến xe Miền Đông",NA,"industrial_park","Ho Chi Minh City","unknown",NA,"point",1,"https://www.openstreetmap.org/relation/17438220"
"osm_way_784968442","Khu công nghiệp Phú Chánh",NA,"industrial_park","Ho Chi Minh City","operational",106.461399351335,"polygon",1,"https://www.openstreetmap.org/way/784968442"
"osm_relation_8191003","Khu công nghiệp Phú Mỹ 1",NA,"industrial_park","Ho Chi Minh City","operational",1066.41877922165,"polygon",1,"https://www.openstreetmap.org/relation/8191003"
"osm_way_1193514671","Khu công nghiệp Phú Mỹ 2",NA,"industrial_park","Ho Chi Minh City","operational",618.835989986388,"polygon",1,"https://www.openstreetmap.org/way/1193514671"
"osm_way_1463022980","Khu công nghiệp Phú Tân",NA,"industrial_park","Ho Chi Minh City","operational",36.1582641784269,"polygon",1,"https://www.openstreetmap.org/way/1463022980"
"osm_way_1454596518","Khu công nghiệp Rạch Bắp",NA,"industrial_park","Ho Chi Minh City","operational",235.579856637084,"polygon",1,"https://www.openstreetmap.org/way/1454596518"
"osm_way_306251856","Khu công nghiệp Sóng Thần","Song Than Industrial Park","industrial_park","Ho Chi Minh City","operational",350.110676475442,"polygon",1,"https://www.openstreetmap.org/way/306251856"
"osm_way_496910231","Khu công nghiệp Sóng Thần 2",NA,"industrial_park","Ho Chi Minh City","operational",94.8144621086199,"polygon",1,"https://www.openstreetmap.org/way/496910231"
"osm_way_783794691","Khu công nghiệp Sóng Thần 3",NA,"industrial_park","Ho Chi Minh City","operational",360.225793014741,"polygon",1,"https://www.openstreetmap.org/way/783794691"
"osm_way_790553092","Khu công nghiệp Tân Bình",NA,"industrial_park","Ho Chi Minh City","operational",365.336823916376,"polygon",1,"https://www.openstreetmap.org/way/790553092"
"osm_way_1052673995","Khu công nghiệp Tân Bình",NA,"industrial_park","Ho Chi Minh City","operational",101.864965091165,"polygon",2,"https://www.openstreetmap.org/way/1052673995"
"osm_way_291663726","Khu công nghiệp Tân Đông Hiệp (Khu A)",NA,"industrial_park","Ho Chi Minh City","operational",44.0524777790128,"polygon",1,"https://www.openstreetmap.org/way/291663726"
"osm_way_1136987798","Khu công nghiệp Tân Đông Hiệp B",NA,"industrial_park","Ho Chi Minh City","operational",140.368474308299,"polygon",1,"https://www.openstreetmap.org/way/1136987798"
"osm_way_1548525579","Khu công nghiệp Tân Phú Trung",NA,"industrial_park","Ho Chi Minh City","operational",613.303351614019,"polygon",1,"https://www.openstreetmap.org/way/1548525579"
"osm_way_493155221","Khu công nghiệp Tân Tạo","Tan Tao Industrial Park","industrial_park","Ho Chi Minh City","operational",408.323037104669,"polygon",1,"https://www.openstreetmap.org/way/493155221"
"osm_way_208936711","Khu Công nghiệp Tân Thới Hiệp",NA,"industrial_park","Ho Chi Minh City","operational",26.449238129817,"polygon",1,"https://www.openstreetmap.org/way/208936711"
"osm_way_785527816","Khu công nghiệp Tây Bắc Củ Chi",NA,"industrial_park","Ho Chi Minh City","operational",182.727187962285,"polygon",1,"https://www.openstreetmap.org/way/785527816"
"osm_way_496910208","Khu công nghiệp Việt Hương",NA,"industrial_park","Ho Chi Minh City","operational",25.346714874504,"polygon",1,"https://www.openstreetmap.org/way/496910208"
"osm_node_4122567811","Khu Công Nghiệp Việt Hương 2",NA,"industrial_park","Ho Chi Minh City","unknown",NA,"point",1,"https://www.openstreetmap.org/node/4122567811"
"osm_way_291267149","Khu công nghiệp Việt Nam - Singapore (VSIP I)",NA,"industrial_park","Ho Chi Minh City","operational",452.988656292748,"polygon",1,"https://www.openstreetmap.org/way/291267149"
"osm_way_330871753","Khu công nghiệp Vĩnh Lộc","Vinh Loc Industrial Park","industrial_park","Ho Chi Minh City","operational",203.593103103389,"polygon",1,"https://www.openstreetmap.org/way/330871753"
"osm_node_12803890343","Khu Công Nghiệp VSIP 2-Bình Dương-Việt Nam Singapore Đường Số 1",NA,"industrial_park","Ho Chi Minh City","unknown",NA,"point",1,"https://www.openstreetmap.org/node/12803890343"
"osm_way_366658228","VSIP II",NA,"industrial_park","Ho Chi Minh City","operational",1170.26219255829,"polygon",2,"https://www.openstreetmap.org/way/366658228"
"osm_way_1548524683","VSIP III",NA,"industrial_park","Ho Chi Minh City","operational",642.283313656859,"polygon",1,"https://www.openstreetmap.org/way/1548524683"
"osm_way_1157345896","Khu chế xuất Linh Trung 3",NA,"export_processing_zone","Tay Ninh","operational",201.5052334715,"polygon",1,"https://www.openstreetmap.org/way/1157345896"
"osm_way_1183609943","Cụm CN Hải Sơn",NA,"industrial_cluster","Tay Ninh","operational",271.417291443706,"polygon",1,"https://www.openstreetmap.org/way/1183609943"
"osm_way_1183609942","Cụm CN Ngọc Phương Đông",NA,"industrial_cluster","Tay Ninh","operational",90.0883699083041,"polygon",1,"https://www.openstreetmap.org/way/1183609942"
"osm_way_1183609951","Cụm CN Trung Thành Phát",NA,"industrial_cluster","Tay Ninh","operational",105.246190066993,"polygon",1,"https://www.openstreetmap.org/way/1183609951"
"osm_way_671612465","Cụm công nghiệp Lợi Bình Nhơn",NA,"industrial_cluster","Tay Ninh","operational",71.7685151673242,"polygon",1,"https://www.openstreetmap.org/way/671612465"
"osm_way_475301776","Cụm công nghiệp Long Định",NA,"industrial_cluster","Tay Ninh","operational",168.766096687826,"polygon",1,"https://www.openstreetmap.org/way/475301776"
"osm_way_1462986262","Cụm Công Nghiệp Tân Hội",NA,"industrial_cluster","Tay Ninh","operational",252.079765273272,"polygon",1,"https://www.openstreetmap.org/way/1462986262"
"osm_way_1183609945","Khu CN Lê Long",NA,"industrial_park","Tay Ninh","operational",35.4523234969811,"polygon",1,"https://www.openstreetmap.org/way/1183609945"
"osm_way_513828583","Khu Công nghiệp Cầu Tràm",NA,"industrial_park","Tay Ninh","operational",71.9812190031823,"polygon",1,"https://www.openstreetmap.org/way/513828583"
"osm_way_884342538","Khu công nghiệp Chà Là",NA,"industrial_park","Tay Ninh","operational",68.1818876983784,"polygon",1,"https://www.openstreetmap.org/way/884342538"
"osm_way_1183609946","Khu công nghiệp Đức Hòa 1 - Hạnh Phúc",NA,"industrial_park","Tay Ninh","operational",259.976057123086,"polygon",1,"https://www.openstreetmap.org/way/1183609946"
"osm_way_1465495768","Khu công nghiệp Đức Hòa III",NA,"industrial_park","Tay Ninh","operational",480.751912833811,"polygon",1,"https://www.openstreetmap.org/way/1465495768"
"osm_way_516578005","Khu công nghiệp Hải Sơn",NA,"industrial_park","Tay Ninh","operational",441.903548810615,"polygon",3,"https://www.openstreetmap.org/way/516578005"
"osm_way_544074532","Khu công nghiệp Hòa Bình",NA,"industrial_park","Tay Ninh","operational",111.404539775793,"polygon",1,"https://www.openstreetmap.org/way/544074532"
"osm_way_1183609957","Khu công nghiệp Hựu Thạnh",NA,"industrial_park","Tay Ninh","operational",377.53375575114,"polygon",1,"https://www.openstreetmap.org/way/1183609957"
"osm_way_516578071","Khu Công nghiệp Liên Minh",NA,"industrial_park","Tay Ninh","operational",175.327695208349,"polygon",1,"https://www.openstreetmap.org/way/516578071"
"osm_way_368243702","Khu công nghiệp Long Hậu 1",NA,"industrial_park","Tay Ninh","operational",133.992123205975,"polygon",1,"https://www.openstreetmap.org/way/368243702"
"osm_way_1424057407","Khu công nghiệp Long Hậu 2",NA,"industrial_park","Tay Ninh","operational",112.362903020611,"polygon",1,"https://www.openstreetmap.org/way/1424057407"
"osm_way_1423784487","Khu công nghiệp Long Hậu 3",NA,"industrial_park","Tay Ninh","operational",143.793930087298,"polygon",1,"https://www.openstreetmap.org/way/1423784487"
"osm_way_1183609941","Khu công nghiệp Nam Thuận",NA,"industrial_park","Tay Ninh","operational",336.737663733816,"polygon",1,"https://www.openstreetmap.org/way/1183609941"
"osm_way_1420332590","Khu công nghiệp Nhựt Chánh",NA,"industrial_park","Tay Ninh","operational",121.87744652695,"polygon",1,"https://www.openstreetmap.org/way/1420332590"
"osm_way_1420667104","Khu công nghiệp Phú An Thạnh","PAT Industrial Park","industrial_park","Tay Ninh","operational",313.153795083933,"polygon",1,"https://www.openstreetmap.org/way/1420667104"
"osm_way_693607177","Khu công nghiệp Phước Đông",NA,"industrial_park","Tay Ninh","operational",1266.18924980151,"polygon",1,"https://www.openstreetmap.org/way/693607177"
"osm_way_795539563","Khu công nghiệp Phước Long",NA,"industrial_park","Tay Ninh","operational",97.8925786515556,"polygon",1,"https://www.openstreetmap.org/way/795539563"
"osm_way_661016855","Khu công nghiệp Tân Đô",NA,"industrial_park","Tay Ninh","operational",203.569212955293,"polygon",1,"https://www.openstreetmap.org/way/661016855"
"osm_relation_21159875","Khu công nghiệp Tân Đức",NA,"industrial_park","Tay Ninh","operational",479.786102825977,"polygon",1,"https://www.openstreetmap.org/relation/21159875"
"osm_way_1420840565","Khu công nghiệp Tân Kim",NA,"industrial_park","Tay Ninh","operational",135.083993511561,"polygon",2,"https://www.openstreetmap.org/way/1420840565"
"osm_node_12782181662","Khu Công Nghiệp Tân Kim Đường Số 2",NA,"industrial_park","Tay Ninh","unknown",NA,"point",1,"https://www.openstreetmap.org/node/12782181662"
"osm_way_1465498429","Khu công nghiệp Thái Hòa",NA,"industrial_park","Tay Ninh","operational",101.615730218259,"polygon",1,"https://www.openstreetmap.org/way/1465498429"
"osm_way_548501983","Khu công nghiệp Thành Thành Công",NA,"industrial_park","Tay Ninh","operational",642.150871056672,"polygon",1,"https://www.openstreetmap.org/way/548501983"
"osm_way_597902555","Khu công nghiệp Thuận Đào",NA,"industrial_park","Tay Ninh","operational",107.052708829361,"polygon",1,"https://www.openstreetmap.org/way/597902555"
"osm_way_1545660086","Khu công nghiệp Trần Anh - Tân Phú",NA,"industrial_park","Tay Ninh","operational",60.0089279929719,"polygon",1,"https://www.openstreetmap.org/way/1545660086"
"osm_way_1157345897","Khu công nghiệp Trảng Bàng",NA,"industrial_park","Tay Ninh","operational",171.740495136514,"polygon",1,"https://www.openstreetmap.org/way/1157345897"
"osm_way_475301765","Khu công nghiệp Vĩnh Lộc 2","Vinh Loc 2 Industrial Zone","industrial_park","Tay Ninh","operational",262.291027169715,"polygon",1,"https://www.openstreetmap.org/way/475301765"
"osm_way_366287226","Khu công nghiệp Xuyên Á",NA,"industrial_park","Tay Ninh","operational",277.301009458666,"polygon",1,"https://www.openstreetmap.org/way/366287226"
"osm_way_807096759","Cụm công nghiệp Cái Tàu Hạ - An Nhơn",NA,"industrial_cluster","Dong Thap","operational",27.2386781377656,"polygon",1,"https://www.openstreetmap.org/way/807096759"
"osm_way_1041309965","Cụm công nghiệp Gia Thuận 1",NA,"industrial_cluster","Dong Thap","operational",48.7523172873554,"polygon",1,"https://www.openstreetmap.org/way/1041309965"
"osm_way_1497376776","Cụm công nghiệp Tân Lập",NA,"industrial_cluster","Dong Thap","operational",40.8692548370934,"polygon",1,"https://www.openstreetmap.org/way/1497376776"
"osm_way_1039481031","Cụm công nghiệp Tân Mỹ Chánh",NA,"industrial_cluster","Dong Thap","operational",20.1781851797156,"polygon",1,"https://www.openstreetmap.org/way/1039481031"
"osm_way_1041307279","Cụm công nghiệp Trung An",NA,"industrial_cluster","Dong Thap","operational",17.1945484499667,"polygon",1,"https://www.openstreetmap.org/way/1041307279"
"osm_way_1233513880","Khu công nghiệp Long Giang","Long Giang industrial park","industrial_park","Dong Thap","operational",553.951406089085,"polygon",1,"https://www.openstreetmap.org/way/1233513880"
"osm_way_648723263","Khu công nghiệp Mỹ Tho",NA,"industrial_park","Dong Thap","operational",71.0500643448192,"polygon",1,"https://www.openstreetmap.org/way/648723263"
"osm_way_490788644","Khu công nghiệp Sông Hậu","Song Hau Industrial Park","industrial_park","Dong Thap","operational",66.2959719927754,"polygon",1,"https://www.openstreetmap.org/way/490788644"
"osm_way_597920253","Khu công nghiệp Tân Hương","Tan Huong Industrial Zone","industrial_park","Dong Thap","operational",175.993717378801,"polygon",1,"https://www.openstreetmap.org/way/597920253"
"osm_node_3636084212","Khu Công nghiệp xã Bình Thành",NA,"industrial_park","Dong Thap","unknown",NA,"point",1,"https://www.openstreetmap.org/node/3636084212"
"osm_way_1134731178","Cụm Công Nghiệp Phong Nẫm",NA,"industrial_cluster","Vinh Long","operational",19.3579966492415,"polygon",1,"https://www.openstreetmap.org/way/1134731178"
"osm_way_1041311775","Khu công nghiệp An Hiệp",NA,"industrial_park","Vinh Long","operational",65.1734608702687,"polygon",1,"https://www.openstreetmap.org/way/1041311775"
"osm_way_734940044","Khu công nghiệp Bình Minh",NA,"industrial_park","Vinh Long","operational",145.055119388569,"polygon",1,"https://www.openstreetmap.org/way/734940044"
"osm_way_1041311776","Khu công nghiệp Giao Long",NA,"industrial_park","Vinh Long","operational",161.57636259406,"polygon",1,"https://www.openstreetmap.org/way/1041311776"
"osm_way_1058062589","Khu công nghiệp Hoà Phú",NA,"industrial_park","Vinh Long","operational",230.033458876278,"polygon",1,"https://www.openstreetmap.org/way/1058062589"
"osm_way_288582904","Khu công nghiệp Long Đức",NA,"industrial_park","Vinh Long","operational",100.373754868222,"polygon",1,"https://www.openstreetmap.org/way/288582904"
"osm_way_169426939","Khu CN Bình Hòa",NA,"industrial_park","An Giang","operational",130.183021254616,"polygon",1,"https://www.openstreetmap.org/way/169426939"
"osm_way_798521971","Khu công nghiệp Thạnh Lộc",NA,"industrial_park","An Giang","operational",71.0625603579966,"polygon",1,"https://www.openstreetmap.org/way/798521971"
"osm_way_169077621","Khu CN Tân Phú Thạnh",NA,"industrial_park","Can Tho","operational",2.36564873227683,"polygon",1,"https://www.openstreetmap.org/way/169077621"
"osm_way_877467451","Khu công nghiệp An Nghiệp",NA,"industrial_park","Can Tho","operational",242.809135678734,"polygon",1,"https://www.openstreetmap.org/way/877467451"
"osm_way_773079170","Khu công nghiệp Thốt Nốt",NA,"industrial_park","Can Tho","operational",79.3930140189576,"polygon",1,"https://www.openstreetmap.org/way/773079170"
"osm_way_597916915","Khu công nghiệp Trà Nóc",NA,"industrial_park","Can Tho","operational",287.74758892998,"polygon",1,"https://www.openstreetmap.org/way/597916915"
"osm_way_1499785995","Khu Công nghiệp Việt Nam - Tân Gia Ba",NA,"industrial_park","Can Tho","operational",110.31974735118,"polygon",1,"https://www.openstreetmap.org/way/1499785995"
"osm_way_1041342437","Khu công nghiệp Trà Kha",NA,"industrial_park","Ca Mau","operational",63.2055786771412,"polygon",1,"https://www.openstreetmap.org/way/1041342437"
