"code","iso","name_vi","name_en","type","year","area_km2","population","population_thousands","population_density","grdp_per_capita_million_vnd","grdp_preliminary"
"01","VN-HN","Hà Nội","Ha Noi","municipality",2024,3359.8,8717600,8717.6,2594.67825465802,162.9,TRUE
"02","VN-03","Hà Giang","Ha Giang","province",2024,7927.6,911400,911.4,114.965437206721,37.8,TRUE
"04","VN-04","Cao Bằng","Cao Bang","province",2024,6700.4,558500,558.5,83.3532326428273,44.2,TRUE
"06","VN-53","Bắc Kạn","Bac Kan","province",2024,4853.3,329300,329.3,67.8507407331094,57,TRUE
"08","VN-07","Tuyên Quang","Tuyen Quang","province",2024,5868,820300,820.3,139.792092706203,60,TRUE
"10","VN-02","Lào Cai","Lao Cai","province",2024,6364.3,792200,792.2,124.475590402715,93,TRUE
"11","VN-71","Điện Biên","Dien Bien","province",2024,9539.9,656700,656.7,68.837199551358,47.7,TRUE
"12","VN-01","Lai Châu","Lai Chau","province",2024,9068.7,495500,495.5,54.6384818110644,60.4,TRUE
"14","VN-05","Sơn La","Son La","province",2024,14108.9,1330600,1330.6,94.3092657825911,57.4,TRUE
"15","VN-06","Yên Bái","Yen Bai","province",2024,6892.7,864400,864.4,125.408040390558,55.3,TRUE
"17","VN-14","Hòa Bình","Hoa Binh","province",2024,4590.8,894500,894.5,194.846214167465,79.4,TRUE
"19","VN-69","Thái Nguyên","Thai Nguyen","province",2024,3522,1365200,1365.2,387.620670073822,114.5,TRUE
"20","VN-09","Lạng Sơn","Lang Son","province",2024,8310.2,814000,814,97.9519145146928,62.4,TRUE
"22","VN-13","Quảng Ninh","Quang Ninh","province",2024,6208,1396500,1396.5,224.951675257732,234.1,TRUE
"24","VN-54","Bắc Giang","Bac Giang","province",2024,3895.9,1962600,1962.6,503.760363459021,109.2,TRUE
"25","VN-68","Phú Thọ","Phu Tho","province",2024,3534.6,1543900,1543.9,436.796242856335,73.1,TRUE
"26","VN-70","Vĩnh Phúc","Vinh Phuc","province",2024,1236,1225300,1225.3,991.343042071197,141.1,TRUE
"27","VN-56","Bắc Ninh","Bac Ninh","province",2024,822.7,1546600,1546.6,1879.90762124711,159.1,TRUE
"30","VN-61","Hải Dương","Hai Duong","province",2024,1668.3,1978200,1978.2,1185.75795720194,106.2,TRUE
"31","VN-HP","Hải Phòng","Hai Phong","municipality",2024,1526.4,2124500,2124.5,1391.83700209644,206.2,TRUE
"33","VN-66","Hưng Yên","Hung Yen","province",2024,930.2,1318100,1318.1,1417.00709524833,117.7,TRUE
"34","VN-20","Thái Bình","Thai Binh","province",2024,1584.6,1890400,1890.4,1192.98245614035,68.9,TRUE
"35","VN-63","Hà Nam","Ha Nam","province",2024,861.9,894200,894.2,1037.47534516765,107.5,TRUE
"36","VN-67","Nam Định","Nam Dinh","province",2024,1668.8,1894200,1894.2,1135.06711409396,58.7,TRUE
"37","VN-18","Ninh Bình","Ninh Binh","province",2024,1411.9,1030300,1030.3,729.725901267795,91.4,TRUE
"38","VN-21","Thanh Hóa","Thanh Hoa","province",2024,11114.7,3764200,3764.2,338.668610038957,81.3,TRUE
"40","VN-22","Nghệ An","Nghe An","province",2024,16486.5,3472300,3472.3,210.61474539775,60.7,TRUE
"42","VN-23","Hà Tĩnh","Ha Tinh","province",2024,5994.5,1329800,1329.8,221.836683626658,82.8,TRUE
"44","VN-24","Quảng Bình","Quang Binh","province",2024,7998.8,924800,924.8,115.61734260139,64.7,TRUE
"45","VN-25","Quảng Trị","Quang Tri","province",2024,4701.2,659200,659.2,140.219518420829,77,TRUE
"46","VN-26","Thừa Thiên Huế","Thua Thien Hue","province",2024,4947.1,1178600,1178.6,238.240585393463,67.7,TRUE
"48","VN-DN","Đà Nẵng","Da Nang","municipality",2024,1284.7,1276000,1276,993.227990970655,119.3,TRUE
"49","VN-27","Quảng Nam","Quang Nam","province",2024,10574.9,1543900,1543.9,145.996652450614,83.1,TRUE
"51","VN-29","Quảng Ngãi","Quang Ngai","province",2024,5155.3,1259900,1259.9,244.389269295676,104.3,TRUE
"52","VN-31","Bình Định","Binh Dinh","province",2024,6066.4,1518500,1518.5,250.313200580245,85.3,TRUE
"54","VN-32","Phú Yên","Phu Yen","province",2024,5026,885200,885.2,176.124154397135,68.2,TRUE
"56","VN-34","Khánh Hòa","Khanh Hoa","province",2024,5200.1,1269300,1269.3,244.09145977962,104.3,TRUE
"58","VN-36","Ninh Thuận","Ninh Thuan","province",2024,3355.8,612700,612.7,182.579414744621,94.7,TRUE
"60","VN-40","Bình Thuận","Binh Thuan","province",2024,7942.6,1266200,1266.2,159.418830106011,92,TRUE
"62","VN-28","Kon Tum","Kon Tum","province",2024,9677.3,601800,601.8,62.186766970126,67.7,TRUE
"64","VN-30","Gia Lai","Gia Lai","province",2024,15510.1,1634900,1634.9,105.408733663871,66.7,TRUE
"66","VN-33","Đắk Lắk","Dak Lak","province",2024,13070.4,1946200,1946.2,148.901334312645,72.5,TRUE
"67","VN-72","Đắk Nông","Dak Nong","province",2024,6509.3,695700,695.7,106.877851689122,83.3,TRUE
"68","VN-35","Lâm Đồng","Lam Dong","province",2024,9781.2,1362500,1362.5,139.297836666258,99.9,TRUE
"70","VN-58","Bình Phước","Binh Phuoc","province",2024,6873.6,1062300,1062.3,154.547835195531,107.6,TRUE
"72","VN-37","Tây Ninh","Tay Ninh","province",2024,4041.7,1202800,1202.8,297.597545587253,103.6,TRUE
"74","VN-57","Bình Dương","Binh Duong","province",2024,2694.6,2870600,2870.6,1065.31581681882,177.2,TRUE
"75","VN-39","Đồng Nai","Dong Nai","province",2024,5863.6,3365400,3365.4,573.947745412375,142.3,TRUE
"77","VN-43","Bà Rịa–Vũng Tàu","Ba Ria-Vung Tau","province",2024,1982.6,1194600,1194.6,602.542116412791,339,TRUE
"79","VN-SG","Thành phố Hồ Chí Minh","Ho Chi Minh City","municipality",2024,2095.4,9543600,9543.6,4554.54805765009,184.7,TRUE
"80","VN-41","Long An","Long An","province",2024,4494.8,1756200,1756.2,390.718163210821,103.5,TRUE
"82","VN-46","Tiền Giang","Tien Giang","province",2024,2556.4,1796100,1796.1,702.589579095603,76.8,TRUE
"83","VN-50","Bến Tre","Ben Tre","province",2024,2379.7,1306300,1306.3,548.934739673068,56.4,TRUE
"84","VN-51","Trà Vinh","Tra Vinh","province",2024,2390.8,1023900,1023.9,428.266688974402,95,TRUE
"86","VN-49","Vĩnh Long","Vinh Long","province",2024,1525.7,1037300,1037.3,679.884643114636,80.9,TRUE
"87","VN-45","Đồng Tháp","Dong Thap","province",2024,3382.3,1601100,1601.1,473.376105017296,76.8,TRUE
"89","VN-44","An Giang","An Giang","province",2024,3536.8,1912600,1912.6,540.771318706175,66,TRUE
"91","VN-47","Kiên Giang","Kien Giang","province",2024,6352.1,1766700,1766.7,278.128492939343,81.1,TRUE
"92","VN-CT","Cần Thơ","Can Tho","municipality",2024,1440.4,1271700,1271.7,882.879755623438,104.3,TRUE
"93","VN-73","Hậu Giang","Hau Giang","province",2024,1622.2,730000,730,450.006164468006,90.2,TRUE
"94","VN-52","Sóc Trăng","Soc Trang","province",2024,3298.2,1205300,1205.3,365.441756109393,65.6,TRUE
"95","VN-55","Bạc Liêu","Bac Lieu","province",2024,2667.9,928700,928.7,348.101503054837,70.8,TRUE
"96","VN-59","Cà Mau","Ca Mau","province",2024,5274.5,1212000,1212,229.78481372642,71.4,TRUE
