"source_id","location_text"
"1","Khu công nghiệp Đại Kim Bắc Ninh nằm ở phía Đông thành phố Bắc Ninh, sát đường Quốc lộ 1A, cạnh đường Quốc lộ 18, giáp cảng Sông Cầu"
"10","Khu công nghiệp nằm sát đường Quốc lộ 282 tuyến phố Hồ - Phú Thuỵ, nằm phía Nam thị trấn Hồ"
"101","Khu công nghiệp Phú Hội đặt tại xã Phú Hội, huyện Đức Trọng"
"102","Khu công nghiệp Lộc Sơn thuộc địa bàn Phường Lộc Sơn-TX Bảo Lộc-Tỉnh Lâm Đồng Lợi thế về vị trí địa lý: Cảng biển TP.HCM, Đồng Nai, Bình Thuận, Khánh Hòa, các khu công nghiệp trọng điểm phía Nam."
"103","Khu công nghiệp có vị trí giao thông rất thuận lợi, nằm ngay trên tuyến Quốc lộ 13, thuộc vùng cửa ngõ giao thương quan trọng giữa miền Đông Nam bộ và miền Trung Tây nguyên"
"11","Khu công nghiệp nằm sát đường Quốc lộ 38, nằm sát thị trấn Hồ"
"12","Giáp đường quốc lộ 18 và dự án đường 398B mới tránh thị trấn Sao Đỏ."
"13","Khu Công nghiệp Đại An nằm trên đường cao tốc số 5 Hà Nội - Hải Phòng"
"14","Khu công nghiệp Nam Sách nằm trên trục đường quốc lộ 5 nối liền Hà Nội - Hải Phòng và quốc lộ 183 nối liền các trung tâm kinh tế lớn như Hà Nội, Hải Phòng, Quảng Ninh, sân bay Quốc tế Nội Bài, cửa khẩu Lạng Sơn và các cảng biển quốc tế, rất thuận tiện cho việc xuất nhập khẩu hàng hoá"
"15","Khu công nghiệp nằm cạnh Quốc lộ 5A từ Hà Nội đi Hải Phòng, cách đường cao tốc 5B khoảng 2km"
"16",""
"17","Khu công nghiệp Tân Trường nằm trên trục đường quốc lộ 5 nối liền Hà Nội - Hải Phòng nối liền các trung tâm kinh tế lớn như Hà Nội, Hải Phòng, Quảng Ninh, sân bay Quốc tế Nội Bài, cửa khẩu Lạng Sơn và các cảng biển quốc tế, rất thuận tiện cho việc xuất nhập khẩu hàng hoá"
"18",""
"19",""
"2","Nằm sát quốc lộ 1A và thị xã Từ Sơn"
"20","Khu công nghiệp Vân Trung được xây dựng tại các xã Vân Trung, Tăng Tiến, Hoàng Ninh, huyện Việt Yên và xã Nội Hoàng, huyện Yên Dũng, tỉnh Bắc Giang."
"208","Khu Công Nghiệp Hố Nai, nằm cách QL 1A, đường tránh Tp. Biên Hòa, cách trung tâm thành phố Biên Hòa khoảng 12, trung tâm thành phố Hồ Chí Minh 40 km."
"209","KCN Bắc Đồng Phú nằm tại Thị trấn Tân Phú – huyện Đồng Phú – tỉnh Bình Phước, cách TpHCM 89 km. Mặt tiền đường ĐT 741, trục chính nối Đông Nam Bộ và Tây Nguyên"
"21","12"
"210","Khu công nghiệp Chơn Thành 1 tọa lạc tại huyện Chơn Thành, tỉnh Bình Phước, ở vị trí giáp ranh tỉnh Bình Dương, cách trung tâm Tp.Hồ Chí Minh 82 km."
"211","KCN Minh Hưng III tọa lạc tại xã Minh Hưng, huyện Chơn Thành, tỉnh Bình Phước. KCN kết nối với các tỉnh khác thông qua Quốc lộ 13 và Quốc lộ 14"
"213","Khu công nghiệp Nhơn Trạch II nằm ở Xã Hiệp Phước, phước Thiền và Phú Hội, huyện Nhơn Trạch, tỉnh Đồng Nai. Nằm trên đầu mối giao thông quan trọng của khu vực kinh tế trọng điểm phía Nam, Đồng Nai có nhiều điều kiện thuận lợi cả về đường bộ, đường thủy và đường hàng không."
"214","Khu công nghiệp Phúc Long nằm ngay mặt tiền Quốc lộ 1A, cách đoạn giao nhau giữa Quốc lộ 1A và đại lộ Nguyễn Văn Linh 12km về hướng Tây."
"215","Khu công nghiệp Long Hậu - Hòa Bình tọa lạc tại Ngã ba Bình Ảnh, Quốc lộ 1A, thuộc huyện Thủ Thừa, tỉnh Long An, cách TP.HCM 22km"
"216","Khu Công Nghiệp MBC@BD nằm trong thành phố mới Bình Dương, cách TP Hồ Chí Minh 31 km"
"217","Vị trí khu công nghiệp Rạch Bắp tọa lạc tại trung tâm thị xã Bến Cát, Bình Dương, nằm trong khu vực có nguồn nguyên vật liệu dồi dào của vùng Đông Nam bộ và chỉ cách Tp. Hồ Chí Minh, sân bay Quốc tế Tân Sơn Nhất, cảng Sài Gòn 55 km. Ngoài ra, khu công nghiệp còn nằm gần nhánh sông Sài Gòn, liên thông với các cảng sông: cảng Vinaconex - cảng Bà Lụa - cảng Sài Gòn, rất thuận tiện trong việc vận chuyển hàng hóa và giao thương."
"218","Từ KCN Long Khánh đến Tp. Hồ Chí Minh: 55 km (khoảng 01 giờ xe ô tô) – đường cao tốc ĐƢỜNG"
"219","KCN Thành Thành Công tọa lạc tại huyện Trảng Bàng, tỉnh Tây Ninh, vị trí giao thông thuận lợi, kết nối với cửa khẩu Mộc Bài thông qua Quốc lộ 22."
"22","KCN Sông Khê - Nội Hoàng thuộc tỉnh Bắc Giang, một tỉnh nằm trong hành lang kinh tế: Nam Ninh (Trung Quốc) - Lạng Sơn - Hà Nội - Hải Phòng - Quảng Ninh, tiếp giáp với vùng kinh tế trọng điểm phía Bắc Việt Nam."
"220","Giao thông thuận lợi gồm: Đường bộ: Quốc Lộ 1A, và Đường cao tốc Tp. HCM – Trung Lương, khoảng 2 giờ đến TP HCM. Đường thủy: nằm cạnh sông Tiền, cảng Mỹ Tho"
"221","Giao thông thuận lợi gồm: Đường bộ: Quốc Lộ 1A, và Đường cao tốc Tp. HCM – Trung Lương. Đường thủy: có bến thuỷ tại KCN Long Giang kết nối ra cảng Mỹ Tho và cảng Hiệp Phước."
"222","KCN Dầu Giây tọa lạc trên đường tỉnh 769, cách đường cao tốc Long Thành Dầu Giây 1.5 km"
"223","KCN liền kề TP HCM, giao thông thuận lơi, cơ sở hạ tầng hoàn thiện đã thu hút nhiều nhà đầu tư lớn từ Nhật Bản, Hàn Quốc, Đài Loan"
"225","VSIP II Bình Dương nằm trong khu liên hợp Công nghiệp, Dịch vụ và Đô thị Bình Dương (4.196 héc-ta) là nơi đang quy hoạch xây dựng trung tâm thành phố mới Bình Dương trong tương lai. Đến nay, KCN VSIP II đã hoàn thành xây dựng cơ sở hạ tầng, thu hút được 129 dự án đến từ hơn 20 quốc gia và vùng lãnh thổ với tổng số vốn đầu tư trên 1,5 tỷ Đô-la Mỹ."
"226","KCN thuộc xã Hàm Liên - huyện Hàm Thuận Bắc và xã Phong Nẫm - Tp.Phan Thiết - tỉnh Bình Thuận nằm ngay ngã tư quốc lộ 1A và quốc lộ 28, liền kề với KCN Phan Thiết GĐ1, cách TP Phan Thiết 2 km, cách TP.HCM 200 km."
"228","Khu Công nghiệp Việt Hương 1 nằm ở Km11 xã Thuận Giao, thị xã Thuận An, Tỉnh Bình Dương"
"229","KCN Châu Đức thuộc huyện Châu Đức, tỉnh BRVT, thuận lợi kết nối với các đường giao thông chính: 13 km đến Quốc lộ 51; 6 km đến Quốc lộ 56; 40km đến đường cao tốc TP.HCM-Long Thành; 54km đến sân bay Long Thành (trong tương lai)"
"23","Tiếp giáp với quốc lộ 1A mới và sông Cầu, khoảng cách từ khu công nghiệp này đến thành phố Bắc Giang là 15 km, đến thủ đô Hà Nội và sân bay quốc tế Nội Bà là 35 km; đến Cảng Hải Phòng là 105 km, đến Cửa khẩu Hữu Nghị là 125 km và đến cảng nước sâu Cái Lân tỉnh Quảng Ninh là 115 km."
"230","Khu công nghiệp Liên Chiểu nằm trên tuyến đường Quốc lộ 1A, cách đường tránh Thành phố Đà Nẵng và Hầm đường bộ Hải Vân 500m. Đây là các trục đường giao thông quan trọng, nối liền các trung tâm kinh tế lớn của Việt Nam như Hà Nội, đi miền Trung- Tây Nguyên, đi Thành phố Hồ Chí Minh rất thuận lợi cho việc vận chuyển xuất nhập khẩu hàng hóa."
"231","Vị trí khu công nghiệp Việt Hương 2 nằm ở Ấp2, Xã An Tây, Thị xã Bến Cát, Tỉnh Bình Dương. Thuộc vùng kinh tế trọng điểm vùng Đông Nam Bộ."
"232","Khu Công Nghiệp Nhơn Hội (Khu A) nằm trong KKT Nhơn Hội, xã Nhơn Hội, TP Quy Nhơn, tỉnh Bình Định, cách trung tâm TP Quy Nhơn 6km về phía Đông."
"233","VSIP II Bình Dương nằm trong khu liên hợp Công nghiệp, Dịch vụ và Đô thị Bình Dương (4.196 héc-ta) là nơi đang quy hoạch xây dựng trung tâm thành phố mới Bình Dương trong tương lai. Đến nay, KCN VSIP II đã hoàn thành xây dựng cơ sở hạ tầng, thu hút được 129 dự án đến từ hơn 20 quốc gia và vùng lãnh thổ với tổng số vốn đầu tư trên 1,5 tỷ Đô-la Mỹ."
"234","Khu công nghiệp Điềm Thụy A nằm cách thành phố Thái Nguyên về phía Nam cách thủ đô Hà Nội về phía Bắc. Được kết nối với đường quốc lộ số 3 nhờ tỉnh lộ 261, nắm song song so với đường cao tốc Hà Nội - Thái Nguyên, cách nút giao Yên Bình: 5.5km"
"24","KCN Đình Trám là KCN được thành lập sớm nhất tỉnh Bắc Giang (2003), thuộc xã Hồng Thái và xã Hoàng Ninh, huyện Việt Yên, tỉnh Bắc Giang với tổng diện tích 127 ha, đến năm 2019 đã thu hút được 138 dự án (trong đó có 79 dự án FDI), tổng vốn đăng ký 1.782 tỷ đồng và 347 triệu USD. Không chỉ có các dự án Khu B, Khu đô thị mới Sen Hồ đang được triển khai hứa hẹn sẽ rất hấp dẫn."
"244","KCN Phong Điền thuộc huyện Phong Điền, tỉnh Thừa Thiên Huế, cách thành phố Huế khoảng 30km về phía Bắc; nằm gần Quốc lộ 1A và đường sắt Bắc Nam. Cách sân bay quốc tế Phú Bài khoảng 45km và cảng biển Chân Mây khoảng 80km."
"245","KCN Phú Bài nằm dọc theo tuyến quốc lộ 1A và đường sắt Bắc Nam; cạnh sân bay quốc tế Phú Bài; cách cảng biển Chân Mây 40km về phía Nam"
"246","KCN Phú Đa thuộc xã Phú Đa, huyện Phú Vang; nằm cách Quốc lộ 1A khoảng 6km, cách cảng biển Thuận An khoảng 6 km, cách Sân bay quốc tế Phú Bài 8km, cách cảng Chân Mây 45km."
"247","KCN Quảng Vinh thuộc xã Quảng Vinh, huyện Quảng Điền; nằm cách Quốc lộ 1A khoảng 5km, cách cảng biển Thuận An khoảng 20km, cách Sân bay quốc tế Phú Bài 35km, cách cảng Chân Mây 75km."
"248","KCN Tứ Hạ thuộc phường Tứ Hạ, Thị xã Hương Trà; nằm cách trung tâm thành phố Huế khoảng 12km về phía Bắc, sân bay quốc tế Phú Bài 25km, cảng biển Chân Mây 60km, cảng biển Thuận An 10km"
"249","Khu kinh tế nằm giữa hai trung kinh tế và văn hoá lớn của miền Trung là Tp. Huế và Tp. Đà Nẵng và thuộc vùng kinh tế Trọng điểm Miền Trung; cách sân bay quốc tế Phú Bài 45km, cách TP Đà Nẵng và sân bay quốc tế Đà Nẵng 35km"
"250","Khu công nghiệp Hòa Bình tọa lạc tại Ấp 7, xã Nhị Thành, huyện Thủ Thừa, tỉnh Long An nằm trên đường tỉnh 818 cách Quốc lộ 1A 600m ."
"251","KCN La Sơn thuộc xã Lộc Sơn, huyện Phú Lộc; nằm sát tỉnh lộ 14B nối huyện Nam Đông với Quốc lộ 1A, cách Quốc lộ 1A khoảng 2km, cách ga Truồi khoảng 4km, cách sân bay Quốc tế Phú Bài 9km, cách cảng biển Chân Mây 30km, cách cảng biển Thuận An 25km."
"252","Cách thành phố Thái Nguyên về phía Nam 20km, cách thủ đô Hà Nội 65km về phía Bắc."
"253","Thuộc địa bàn các huyện: Yên Mỹ, Mỹ Hào và Văn Lâm, tỉnh Hưng Yên."
"254","Thuộc địa bàn các huyện: Yên Mỹ và Mỹ Hào."
"255","Thuộc địa bàn các huyện: Yên Mỹ, Mỹ Hào, tỉnh Hưng Yên."
"256","Khu công nghiệp Minh Đức có quy mô 198 ha, nằm tiếp giáp Quốc lộ 5 (Hà Nội - Hải Phòng)"
"257","Thuộc địa bàn huyện: Yên Mỹ, tỉnh Hưng Yên."
"258","Khu Công nghiệp Kim Động thuộc địa bàn huyện: Kim Động, tỉnh Hưng Yên, Tiếp giáp Quốc lộ 39; Cách các nút giao đường ô tô cao tốc Hà Nội- Hải Phòng khoảng 13 km."
"259","Khu công nghiệp Minh Quang có diện tích 153,7 ha, nằm tiếp giáp Quốc lộ 5 (Hà Nội- Hải Phòng)"
"26","Có vị trí nằm tại xã Thanh Bình, Chợ Mới, Bắc Kạn, KCN Thanh Bình nằm trong quy hoạch phát triển các khu công nghiệp Việt Nam, được đầu tư đồng bộ: cấp nước, điện, hệ thống xử lý nước thải tập trung, hệ thống đường giao thông nội bộ, hệ thống thông tin liên lạc"
"260","Khu công nghiệp Tịnh Phong nằm dọc quốc lộ 1A gần KKT Dung Quất và KCN VSIP Quảng Ngãi, cách sân bay Chu Lai khoảng hơn 25km thuận lợi trong giao thông và các dịch vụ tiện ích."
"261","Khu công nghiệp Quảng Phú nằm về phía Tây thành phố Quảng Ngãi, thuộc Phường Quảng Phú, gần KKT Dung Quất và KCN VSIP Quảng Ngãi, cách sân bay Chu Lai khoảng hơn 30km thuận lợi trong giao thông và các dịch vụ tiện ích."
"263","KCN Hòa Khánh Mở Rộng nằm dọc Quốc lộ 1A, cách trung tâm thành phố và sân bay Quốc tế Đà Nẵng chỉ 10km, cách ga Đà Nẵng chỉ 15km và cách cảng biển Quốc tế Tiên Sa chỉ 20km. Vị trí thuận lợi Khu công nghiệp Hòa Khánh mở rộng nằm trên trục đường giao thông quan trọng, kết nối dễ dàng với thị trường trong nước (đi các tỉnh vùng Tây Nguyên , Bình Định, Nha Trang..vv..) cũng như dễ dàng tiếp cận thị trường Lào, Thái Lan, Myanmar."
"264","Khu công nghiệp Long Hậu thuộc khu vực chiến lược ưu tiên phát triển công nghiệp tiến ra biển Đông của thành phố Hồ Chí Minh"
"27",""
"272",""
"277","KCN thuộc xã Thạnh Lộc, huyện Châu Thành, tỉnh Kiên Giang; KCN nằm trên tuyến đường hành lang ven biển phía Nam nối liền 3 nước Việt Nam, Campuchia, Thái Lan và nối với Quốc lộ 80; đường sông giáp kênh Cái Sắn, kênh Vành Đai; vị trí rất thuận tiện cho việc đi lại và vận chuyển hàng hóa bằng đường bộ, đường thủy và đường không."
"28",""
"281","KCN cách trung tâm huyện 7 km; cách Cảng hàng không Rạch Giá 15 km và thành phố Rạch Giá 22 km; nằm trên tuyến quốc lộ 63; đường sông giáp với sông Cái Lớn. Thuận tiện cho việc vận chuyển hàng hóa bằng đường bộ và đường thủy."
"282","KCN cách trung tâm thành phố Rạch Giá khoảng 17 km; cách trung tâm huyện Châu Thành khoảng 5 km; cách Cảng hàng không Rạch Giá khoảng 12 km; nằm trên tuyến quốc lộ 63; đường sông giáp với sông Cái Bé. Thuận tiện cho việc vận chuyển hàng hóa bằng đường bộ và đường thủy."
"283","KCN cách trung tâm huyện Kiên Lương khoảng 12 km, cách Cửa khẩu quốc tế Hà Tiên khoảng 42 km, cách cảng biển Hòn Chông khoảng 6 km, cách trung tâm thành phố Rạch Giá khoảng 82 km, KCN nằm trên tuyến Tỉnh lộ 11 nối với Quốc lộ 80."
"29","Xã Nhuận Trạch, huyện Lương Sơn, tỉnh Hòa Bình"
"297","Khu công nghiệp Trần Quốc Toản nằm sát Quốc lộ 30, cạnh phía nam bờ sông Tiền, có cảng cho tàu 5.000 tấn và xà lan 200 tấn cặp bến xếp dỡ hàng hoá, nguyên vật liệu. Thuận lợi cho vận chuyển thuỷ, bộ đi các tỉnh ĐBSCL, TPHCM, Campuchia, …, và cách biên giới Campuchia 70 km (cửa khẩu Quốc tế Dinh Bà)."
"298","Giao thông thuận lợi gồm: Đường bộ: Quốc Lộ 1A, và Đường cao tốc Tp. HCM – Trung Lương, khoảng 45 phút đến TP Hồ Chí Minh. Đường thủy: gần cảng Mỹ Tho và cảng Hiệp Phước."
"299","- Phía Đông giáp Khu công nghiệp Sài Đồng Bé - Phía Tây giáp đường Đàm Quang Trung - Phía Nam giáp Aeon Long Biên - Phía Bắc giáp Quốc lộ 5. - Cách trung tâm thành phố Hà Nội 15 phút đi xe, dễ dàng di chuyển đến các quận lân cận cũng như đi các tỉnh phía Bắc."
"3","Nằm sát quốc lộ 1A và thị xã Từ Sơn"
"30",""
"300","Khu công nghiệp thuộc địa bàn phường Tân Quy Đông (khu C), xã Tân Khánh Đông (khu C mở rộng) và phường An Hòa (khu A1), thị xã Sa Đéc, tỉnh Đồng Tháp do Công ty Cổ phần Đầu tư Phát triển nhà & Khu công nghiệp (HIDICO) làm chủ đầu tư. KCN này có lợi thế là nằm ở trung tâm đồng bằng sông Cửu Long, cạnh quốc lộ 80 và Tỉnh lộ 848; ngay bên bờ sông Tiền, có cảng trọng tải 5.000 tấn, cách cầu Mỹ Thuận 15 km và thành phố Hồ Chí Minh 140 km."
"302","Phía Đông và phía Nam giáp với khu dân cư xã Minh Hưng, phía Tây giáp với QL13, phía Bắc giáp với đất trồng cây cao su"
"303","Khu công nghiệp Becamex – Bình Phước nằm cạnh khu vực tứ giác kinh tế trọng điểm phía Nam (Tp.Hồ Chí Minh, Bình Dương, Bà Rịa-Vũng Tàu và Đồng Nai)"
"304","KCN Bắc Đồng Hới thuộc địa phận xã Lý Trạch, huyện Bố Trạch và xã Thuận Đức, thành phố Đồng Hới, cách tuyến đường Hồ Chí Minh 500m"
"305","KCN có vị trí vàng trong tam giác kinh tế Đông Bắc Bộ và nằm ở trung tâm Khu kinh tế Đình Vũ – Cát Hải. Nằm ở mũi nhọn hướng biển của bán đảo Đình Vũ, KCN hưởng trọn tất cả các lợi thế về kết nối giao thông, hệ thống cảng biển và logistics."
"307","Nằm ở phía Bắc tỉnh Quảng Bình, cách cảng Hòn La 10km và sát với quốc lộ 1"
"308","Khu công nghiệp Tây Bắc Quán Hàu thuộc xã Vĩnh Ninh, một phần thuộc thị trấn Quán Hàu và xã Lương Ninh huyện Quảng Ninh, tỉnh Quảng Bình. KCN gồm 3 phân khu và cách trục đường Hồ Chí Minh 1km"
"309","Khu công nghiệp Cam Liên với tuyến đường nâng cấp Quốc lộ 1A đi qua, cách tuyến Quốc lộ 1A khoảng 1,5km, cách Thị trấn Kiến Giang khoảng 7km về phía Tây, có vị trí thuộc trong địa giới hành chính ba xã Cam Thuỷ, xã Thanh Thuỷ, xã Ngư Thủy Bắc - huyện Lệ Thuỷ - tỉnh Quảng Bình"
"31",""
"310","Khu công nghiệp Bang được quy hoạch xây dựng trên khu đất thuộc địa giới hành chính xã Mai Thủy và xã Phú Thủy, huyện Lệ Thủy. Tuyến đường tỉnh lộ 9C chạy qua đã được đầu tư"
"311","Khu vực Quy hoạch nằm dọc theo 2 bên tuyến đường tỉnh lộ 22 thuộc KKT Hòn La"
"313","• Phía Đông: Giáp kênh Bo Bo; • Phía Tây: Giáp kênh Bà Báng; • Phía Nam: Giáp khu dân cư và khu tái định cư khu công nghiệp; • Phía Bắc: Giáp kênh Mương Khai."
"314","Khu Công Nghiệp Bắc Chu Lai Khu Công nghiệp nằm trong vùng động lực phát triển kinh tế của tỉnh, cách trung tâm tỉnh lị Quảng Nam (Thành phố Tam Kỳ) khoảng 30 Km, Thành phố Đà Nẵng 90 Km về phía Bắc; cách trung tâm Thành phố Quảng Ngãi 25 Km về phía Nam, có Quốc lộ 1A, đường cao tốc Bắc - Nam, đường sắt Bắc – Nam chạy qua, có sân bay Chu Lai, hệ thống cảng biển. Trên địa bàn có Khu Kinh tế mở Chu Lai và giáp với Khu kinh tế Dung Quất (Khoảng 25Km)."
"315","Khu vực nghiên cứu lập Quy hoạch chi tiết xây dựng Khu Công viên công nghệ thông tin Hà Nội, tỷ lệ 1/500 thuộc ranh giới hành chính các phường: Phúc Đồng, Long Biên - quận Long Biên, thành phố Hà Nội (trong phạm vi Khu công nghiệp Sài Đồng B). - Phía Đông Bắc là đường sắt Quốc gia (tuyến Hà Nội - Hải Phòng). - Phía Tây Nam là đường Cổ Linh có mặt cắt ngang 40m. - Phía Đông Nam là tim đường quy hoạch trong Khu Công nghiệp Sài Đồng B. - Phía Tây Bắc là tuyến đường Đàm Quang Trung dẫn lên cầu Vĩnh Tuy"
"316","Khu công nghiệp Kỹ thuật cao An Phát (An Phát Complex) nằm tại phường Việt Hòa, thành phố Hải Dương."
"318","Vị trí khu công nghiệp Quốc tế Protrade nằm tiếp giáp thành phố Hồ Chí Minh, Bình Dương là đầu mối chiến lược của vùng kinh tế trọng điểm phía Nam của Việt Nam. Với cơ sở hạ tầng hoàn thiện, các sở ban ngành liên quan của tỉnh Bình Dương hỗ trợ hết mình, đơn giản hóa các thủ tục hành chính và chính sách ưu đãi thuế. Tỉnh Bình Dương luôn là một trong những tỉnh đứng đầu về thu hút nước ngoài đầu tư trong các ngành nghề sản xuất công nghiệp."
"319","Vị trí khu công nghiệp Kim Hoa nằm tại thị xã Phúc Yên - tỉnh Vĩnh Phúc giáp ranh với Thành phố Hà Nội, cạnh Quốc lộ 2."
"32",""
"320","Vị trí khu công nghiệp Sơn Lôi thuộc huyện Bình Xuyên, nằm cạnh đường Quốc lộ 2 (Nội Bài – Lào Cai)"
"321","Khu công nghiệp Bàu Xèo nằm trên xã Sông Trầu, xã Tây Hòa, xã Đồi 61, thị trấn Trảng Bom, huyện Trảng Bom, tỉnh Đồng Nai"
"322","Khu công nghiệp Thạnh Phú thuộc tỉnh Đồng Nai, nằm trên đầu mối giao thông quan trọng của khu vực kinh tế trọng điểm phía Nam, có nhiều điều kiện thuận lợi cả về đường bộ, đường thuỷ và đường hàng không."
"327","Khu công nghiệp Xuân Lộc nằm cạnh Quốc lộ 1, trục giao thông huyết mạch Bắc – Nam, gần đường cao tốc Tp.HCM - Dầu Giây – Long Thành và cảng Phú Mỹ."
"328","Khu công nghiệp Biên Hòa II có vị trí địa lý chiến lược, cận kề cửa ngõ đầu mối giao thông khu vực tứ giác kinh tế (Đồng Nai – Bình Dương – Vũng Tàu – TP.Hồ Chí Minh)."
"329","Vị trí khu công nghiệp Sông Mây nằm ở Xã Bắc Sơn, Huyện Trảng Bom, là vùng kinh tế trọng điểm phía Nam, tỉnh Đồng Nai."
"33",""
"335","khu công nghiệp Nhơn Trạch I ở vị trí cao nhất của đô thị mới Nhơn trạch. Nằm trên đầu mối giao thông quan trọng của khu vực kinh tế trọng điểm phía Nam, tỉnh Đồng Nai cách QL51 là 04km."
"336","Khu công nghiệp Nhơn Trạch III có địa thế cao so với mặt biển 28m, bằng phẳng, nền đất cứng cường độ chịu nén cao, bình quân khoảng 25 tấn/m2 là nơi rất thuận lợi để xây dựng các công trình trong ngành công nghiệp nặng, công nghiệp nhẹ và đặc biệt là trong lĩnh vực công nghệ cao với chi phí và thời gian xây dựng được rút ngắn đáng kể. Huyện Nhơn Trạch, tỉnh Đồng Nai hầu như không bị ảnh hưởng của bão, lụt, thiên tai."
"337","Khu công nghiệp Loteco nằm giáp quốc lộ 51A, nối trực tiếp thành phố Biên Hòa với hệ thống cảng Thị Vải – nơi tập trung trung chuyển khoảng 40% container ở Việt Nam, tỉnh Bà Rịa Vũng Tàu. Với sự thuận tiện của giao thông đường bộ, đường thủy và hàng không. Khu công nghiệp Loteco thực sự có một vị trí lí tưởng, tiết kiệm chi phí và thời gian."
"338","Khí hậu Đồng Nai là khí hậu nhiệt đới gió mùa, có hai mùa tương phản nhau là mùa khô và mùa mưa. Mùa khô thường bắt đầu từ tháng 12 đến tháng 4 năm sau, mùa mưa kéo dài từ tháng 5 đến tháng 11. Khoảng kết thúc mùa mưa dao động từ đầu tháng 10 đến tháng 12. Nhiệt độ trung bình năm 25 – 27 °C, nhiệt độ cao cực trị khoảng 40 °C và thấp cực trị 12,5 °C và số giờ nắng trong năm 2.500 – 2.700 giờ, độ ẩm trung bình luôn cao 80 – 82%"
"339","Khu Công nghiệp Tam Hiệp nằm trong vùng động lực phát triển kinh tế của tỉnh, cách trung tâm tỉnh lị Quảng Nam (Thành phố Tam Kỳ) khoảng 30 Km, Thành phố Đà Nẵng 90 Km về phía Bắc; cách trung tâm Thành phố Quảng Ngãi 25 Km về phía Nam, có Quốc lộ 1A, đường cao tốc Bắc - Nam, đường sắt Bắc – Nam chạy qua, có sân bay Chu Lai, hệ thống cảng biển. Trên địa bàn có Khu Kinh tế mở Chu Lai và giáp với Khu kinh tế Dung Quất (Khoảng 25Km)."
"34",""
"340","Nằm trong vùng kinh tế trọng điểm phía Nam (gồm Đồng Nai, Tp.HCM, Bà Rịa – Vũng Tàu và Bình Dương). Là một trong số ít những khu công nghiệp có cảng nội khu thuận tiện cho việc vận chuyển hàng hóa xuất nhập khẩu."
"341","Tọa lạc tại các xã Lai Hưng và Lai Uyên, huyện Bàu Bàng của tỉnh Bình Dương, Khu công nghiệp Becamex Bàu Bàng có diện tích hơn 2,000 ha (khoảng 1,000 ha đất phát triển công nghiệp và 1,000 ha đất dịch vụ, đô thị). Dự án có vị trí chiến lược nằm cạnh Quốc Lộ 13, cửa ngõ giao thương của khu vực Đông Nam Bộ và Tây Nguyên."
"342","Khu công nghiệp Dệt may Bình An có vị trí địa lý thuận lợi nằm trên trục đường lưu thông hàng hoá của Khu kinh tế trọng điểm phía Nam, gần ga tàu, bến cảng, cách trung tâm TP Hồ Chí Minh 25 Km về phía Đông."
"343","Xã Hàm Kiệm, huyện Hàm Thuận Nam, tỉnh Bình Thuận, ngay cạnh trục Quốc lộ 1A đoạn Phan Thiết đi Tp Hồ Chí Minh, cách TP.Phan Thiết 09 km về phía Nam."
"344","Vị trí khu công nghiệp Bình Đường tọa lạc tại xã An Bình, huyện Dĩ An, tỉnh Bình Dương."
"345","Vị trí Khu công ngiệp Đại Đăng nằm tại trung tâm vùng kinh tế trọng điểm phía nam bao gồm: Thành phố Hồ Chí Minh. Bình Dương, Đồng nai, Bà Rịa -Vũng Tàu, Tây Ninh, Long An, Bình Phước, với hệ thống cơ sở hạ tầng hòan chỉnh, nối kết với các tuyến đường huyết mạch quốc gia và các trung tâm kinh tế thương mại cả nước rất thuận lợi, cũng như tiếp cận nhanh chóng các cảng biển, cảng đường bộ và cảng hàng không, do đó tiết kiệm được nhiều chi phí và thời gian vận chuyển, đặt biệt là chi phí xuất nhập khẩu hàng hóa."
"346","Vị trí khu công nghiệp (KCN) Đất Cuốc - Tân Uyên được xây dựng và kinh doanh với tổng diện tích là 212 ha, nằm ở khu vực Đông Bắc của huyện Tân Uyên cách thị xã Thủ Dầu Một khoảng 30 Km và cách thành phố Hồ Chí Minh khoảng 70 Km."
"347",""
"348","Xã Hàm Kiệm, huyện Hàm Thuận Nam, tỉnh Bình Thuận, ngay cạnh trục Quốc lộ 1A đoạn Phan Thiết đi Tp Hồ Chí Minh, cách TP.Phan Thiết 12 km về phía Nam."
"349","Xã Sông Bình, huyện Bắc Bình, tỉnh Bình Thuận, nằm cách trục quốc lộ 28B 700 m, Quốc lộ 1A 10km, cách trung tâm thành phố Phan Thiết khoảng 50 km và cách Cảng nước sâu Vĩnh Tân (Tuy Phong) 60km, nằm gần nguồn nguyên liệu quặng titan lớn."
"350","- Xã Vĩnh Hảo, huyện Tuy Phong, tỉnh Bình Thuận, nằm giáp QL 1A, cách trung tâm thành phố Phan Thiết khoảng 97 Km về phía Bắc, cách TP. Phan Rang khoảng 50km, cách Cảng tổng hợp Vĩnh Tân 6km. - TPIP được thành lập theo văn bản số: 1441/TTg-KTN ngày 24/8/2009 của Thủ tướng Chính phủ và Quyết định số 3563/QĐ-UBND ngày 31/12/2013 của UBND tỉnh Bình Thuận; được cấp Giấy chứng nhận đầu tư số 48221000088 ngày 31/12/2013. - Kết hợp với cảng biển Quốc tế Vĩnh Tân (cảng biển Quốc tế gần nhất của các tỉnh phía Nam Tây nguyên), ga hàng hóa Vĩnh Hảo, đường cao tốc Bắc-Nam, các Quốc lộ 1/26/27/28, đường nối cao tốc Bắc-Nam với QL1 thành một hệ thống hoàn chỉnh phục vụ cho các nhà đầu tư sản xuất, chế biến và bảo quản Nông/Lâm/Thủy/Khoáng sản của các tỉnh Bình Thuận/Ninh Thuận (là 2 trong 4 ngư trường lớn nhất Việt Nam, sản lượng trái Thanh long và trữ lượng Titan lớn nhất nước) và các tỉnh Lâm Đồng, Dak nông, Daklak (có sản lượng cà phê, hạt tiêu lớn nhất nước; Trà, Cao su, Bắp chiếm 25% sản lượng Việt nam) và các ngành công nghiệp khác. - Gần các Trung tâm dân cư: Vĩnh Hảo, Vĩnh Tân, Cà ná, Liên Hương, Phan Rí dân cư đông đúc, dễ tuyển lao động; có đủ các hạ tầng xã hội như: trường học, bệnh viện, trung tâm dạy nghề, chợ và trung tâm thương mại; có các địa điểm tham quan du lịch: rừng, thác nước, hồ nước ngọt, biển. - Được quy hoạch phát triển khu dân cư ngay bên cạnh Khu công nghiệp đáp ứng nhu cầu định cư, học tập, chăm sóc sức khỏe và đời sống của người lao động và chuyên gia trong KCN."
"351","Dự án có vị trí thuộc phường Tân Phú, quận Cái Răng, thành phố Cần Thơ, tiếp giáp với: - Phía Tây Bắc giáp Rạch Cái Sâu - Phía Đông Nam giáp Rạch Cái Cui - Phía Đông Bắc giáp Sông Hậu - Phía Tây Nam giáp trục đường Nam Sông Hậu"
"352",""
"353","Khu công nghiệp Kim Huy được thành lập vào năm 2006 nhằm đáp ứng nhu cầu sản xuất kinh doanh, đầu tư bất động sản hay khu đô thị nhà ở của các cá nhân, doanh nghiệp trong nước và ngoài nước. Với mục tiêu sẽ trở thành khu công nghiệp chất lượng cao đáp ứng được thị hiếu của khách hàng."
"354","Vị trí khu công nghiệp Mai Trung tọa lạc tại xã An Tây - An Điền, huyện Bến Cát, tỉnh Bình Dương"
"355","Vị trí địa lý khu công nghiệp Mỹ Phước 1: Xã Thới Hòa, xã Mỹ Phước, huyện Bến Cát, tỉnh Bình Dương. Nằm trong khu vực tứ giác kinh tế trọng điểm phía Nam (Tp. Hồ Chí Minh; Bình Dương; Bà Rịa-Vũng tàu, Long An)."
"356","Vị trí địa lý khu công nghiệp Mỹ Phước 2: Xã Thới Hòa, xã Mỹ Phước, huyện Bến Cát, tỉnh Bình Dương. Nằm trong khu vực tứ giác kinh tế trọng điểm phía Nam (Tp. Hồ Chí Minh; Bình Dương; Bà Rịa-Vũng tàu, Long An)."
"357","Vị trí địa lý khu công nghiệp Mỹ Phước 3: Xã Thới Hòa, xã Mỹ Phước, huyện Bến Cát, tỉnh Bình Dương. Nằm trong khu vực tứ giác kinh tế trọng điểm phía Nam (Tp. Hồ Chí Minh; Bình Dương; Bà Rịa-Vũng tàu, Long An)."
"358","Vị trí khu công nghiệp Nam Tân Uyên nằm trên địa bàn xã Khánh Bình, huyện Tân Uyên, tỉnh Bình Dương là một trong những tỉnh có nền kinh tế năng động nhất trong vùng kinh tế trọng điểm phía nam. Tỉnh Bình Dương có hệ thống kết cấu hạ tầng hiện đại, hiện đang tiếp tục được đầu tư nâng cấp mở rộng và phát triển kết cấu hạ tầng, mở hệ thống cảng biển nước sâu như cảng quốc tế ở Thị Vải, Cái Mép; xây dựng hệ thống sân bay quốc tế Long Thành…"
"359","Vị trí khu công nghiệp Phú Gia nằm trong Khu liên hợp Công nghiệp - Dịch vụ- Đô thị Bình Dương được thành lập theo Quyết định số 912/QĐ-TTg của Thủ tướng Chính phủ- Đó là khu phát triển công nghiệp tạo động lực mạnh cho tỉnh Bình Dương. Là khu phát triển dịch vụ cao cấp mang tầm vóc quốc tế và khu vực, bao gồm gồm sân golf, trung tâm đào tạo, trung tâm tài chính, du lịch…"
"36","Nằm dọc theo quốc lộ 6, cạnh địa phận Hà Nội, cách trung tâm Hà Nội 36km, cách TP Hòa Bình 36km."
"360","Vị trí khu công nghiệp Sóng Thần 1 thuộc tỉnh Bình Dương là vùng Đông Nam Bộ, phía bắc giáp Bình Phước, phía nam và tây nam giáp thành phố Hồ Chí Minh, phía tây giáp Tây Ninh, phía đông giáp Đồng Nai, cách trung tâm thành phố Hồ Chí Minh khoảng 20 km."
"361","Vị trí khu công nghiệp Sóng Thần 2 tỉnh thuộc Bình Dương, nằm trong vùng Đông Nam Bộ, phía bắc giáp Bình Phước, phía nam và tây nam giáp thành phố Hồ Chí Minh, phía tây giáp Tây Ninh, phía đông giáp Đồng Nai."
"362","TBIP với diện tích 352,5 ha nằm ở phía Bắc tỉnh Bình Dương, thuộc vùng kinh tế trọng điểm phía Nam Việt Nam và là địa phương tập trung nhiều khu công nghiệp của cả nước"
"363","KCN nằm trong khu vực quy hoạch hệ thống Cảng biển số 5 với nhiều cảng lớn đã đi vào hoạt động, tiếp nhận nhiều tàu có trọng tải lớn như Cảng Phú Mỹ, Cảng Quốc tế SP-SPA, Cảng Quốc Tế Sài Gòn Việt Nam (SITV), Cảng Quốc tế Cái Mép (CMIT)"
"364","Vị trí khu công nghiệp Sóng Thần 3 – tỉnh Bình Dương nằm tại trung tâm vùng kinh tế trọng điểm phía Nam (Tp. Hồ Chí Minh, Bình Dương, Đồng Nai, Bà Rịa-Vũng Tàu, Tây Ninh, Long An, Bình Phước). Nằm gần trục chính Quốc lộ 13 với hệ thống cơ sở hạ tầng hoàn chỉnh, kết nối với các tuyến đường huyết mạch Quốc gia và các trung tâm kinh tế thương mại cả nước."
"365","Vị trí khu công nghiệp Khu công nghiệp Tân đông Hiệp A nằm tại huyện Dĩ An, tỉnh Bình Dương, thuộc vùng kinh tế trọng điểm Đông Nam Bộ (bao gồm TP Hồ Chí Minh, tỉnh Đồng Nai và tỉnh Bà Rịa- Vũng Tàu)."
"366","Vị trí khu công nghiệp Tân Đông Hiệp B nằm ở Đông Bắc Huyện Dĩ An, tỉnh Bình Dương, tiếp giáp đường DT743 trục giao thông huyết mạch của khu vực kinh tế trọng điểm phía Nam."
"367","Vị trí khu công nghiệp Thới Hòa, tỉnh Bình Dương nằm trong khu vực tứ giác kinh tế trọng điểm phía Nam (Tp.Hồ Chí Minh, Bình Dương, Bà Rịa-Vũng Tàu và Đồng Nai)"
"368","Vị trí khu công nghiệp Tân Bình – tỉnh Bình Dương có vị trí thuận lợi gần nguồn nguyên liệu từ Bình Phước và các tỉnh Tây Nguyên, đặc biệt là nguồn nguyên liệu gỗ và mủ dồi dào từ cây cao su được cung cấp bởi Công ty CP cao su Phước Hòa và các đơn vị thành viên của Tập đoàn Công nghiệp Cao su Việt Nam."
"369","Vị trí khu công nghiệp Bá Thiện II nằm cách Thủ đô Hà Nội 50km theo hướng Tây Bắc trên địa bàn các xã Thiện Kế, Bá Hiến và Trung Mỹ thuộc huyện Bình Xuyên, tỉnh Vĩnh Phúc, Khu công nghiệp Bá Thiện II giúp các nhà đầu tư dễ dàng kết nối với các tỉnh thuộc vùng kinh tế phía Bắc."
"37",""
"370","Vị trí khu công nghiệp Bình Xuyên thuộc huyện Bình Xuyên, nằm cạnh đường Quốc lộ 2 (Nội Bài – Lào Cai)"
"378","Khu đất quy hoạch Khu công nghiệp Lam Sơn – Sao Vàng nằm dọc đường Hồ Chí Minh, cách thành phố Thanh Hóa khoảng 40 km theo Quốc lộ 47, giáp với 2 thị trấn: Thị trấn Lam Sơn và thị trấn Sao Vàng. - Phía Bắc giáp ranh giới quy hoạch khu đô thị Lam Sơn- Sao Vàng. - Phía Nam giáp hồ Cửa Trát, cách QL47 kéo dài khoảng 1,8 km. - Phía Đông giáp đường Cảng hàng không Thọ Xuân đi Nghi Sơn dự kiến. - Phía Tây giáp đường Hồ Chí Minh (xã Xuân Phú, Xuân Bái)."
"38","Vạn Hòa và Phường Phố Mới thành phố Lào Cai"
"388","Khu công nghiệp Thăng Long nằm ở huyện Đông Anh, phía Bắc của thủ đô Hà Nội. KCN cách trung tâm tp Hà Nội khoảng 15km và cách sân bay Quốc tế Nội Bài khoảng 20km."
"389","Vị trí trung tâm thành phố Hà Nội"
"39",""
"390","HANSSIP có vị trí nằm ngay sát đường cao tốc Pháp Vân – Cầu Giẽ, quốc lộ 1A tuyến đường huyết mạch của Việt Nam, kết nối hạ tầng giao thông và dịch vụ và các khu công nghiệp."
"391","Khu công nghiệp Sài Đồng B nằm ở vị trí gần trung tâm thành phố Hà Nội, thuận lợi giao thương các tỉnh biên giới phía Bắc cũng như đến các tỉnh miền Trung Việt Nam"
"392","Khu công nghiệp có vị trí thuận lợi về giao thông kết nối với trung tâm thành phố Hà Nội, nguồn nhân lực có trình độ cao, dồi dào"
"393","Phía Tây - Nam khu công nghiệp giáp sân bay Quốc tế Nội Bài, phía trước mặt khu công nghiệp có đường tỉnh lộ 131 chạy qua nối quốc lộ 3 với quốc lộ 2 và đường cao tốc Thăng Long - Nội Bài; đường giao thông tới cảng Hài Phòng và cảng Cái Lân."
"394","Khu công nghiệp Phú Nghĩa nằm trên trục Quốc lộ 6A (giữa thị trấn Trúc Sơn và thị trấn Xuân Mai của huyện Chương Mỹ, thành phố Hà Nội)."
"397","Khu công nghiệp Mỹ Xuân B1 – Đại Dương Mỹ Xuân là một trong những Khu công nghiệp nằm trong vùng kinh tế trọng điểm phía Nam bao gồm Tp. Hồ Chí Minh, Đồng Nai, Bình Dương và Bà Rịa – Vũng Tàu"
"398",""
"399","Thuộc địa bàn xã Nghĩa Thành, xã Suối Nghệ, huyện Châu Đức; xã Sông Xoài, xã Châu Pha, huyện Tân Thành, Tỉnh Bà Rịa Vũng Tàu"
"4","Nằm trong KCN Quế Võ 1 mở rộng, huyện Quế Võ, tỉnh Bắc Ninh"
"40",""
"404","KCN Cái Lân tọa lạc tại phường Giếng và phường Bãi Cháy, thành phố Hạ Long, tỉnh Quảng Ninh."
"41",""
"414","Khu công nghiệp nằm tại phía Đông Nam huyện Hải Hà, thuộc Khu kinh tế cửa khẩu Móng Cái và nằm trọn trong vành đai Vịnh Bắc Bộ và 02 hành lang kinh tế Việt Nam- Trung Quốc với vị trí chiến lược quan trọng. Khu công nghiệp chỉ cách cửa khẩu quốc tế Móng Cái và cửa khẩu Bắc Phong Sinh khoảng 30 km, cách khu kinh tế Vân Đồn và sân bay Vân Đồn 45 km. Kết nối với tuyến đường cao tốc Vân Đồn - Móng Cái tại nút giao Hải Hà. Năm 2020, tuyến đường cao tốc Vân Đồn - Móng Cái hoàn thành, chắc chắn sẽ tạo ra lợi thế thông thương lớn cho Khu công nghiệp trong vùng biên giới Việt - Trung."
"415","Khu công nghiệp Đông Mai thuộc phường Đông Mai, thị xã Nằm trên trục đường quốc lộ 18 từ Hà Nội đi Móng Cái Quảng Yên."
"416","Khu công nghiệp Hải Yên thuộc phường Hải Yên, thành phố Móng Cái. Từ KCN đến các tỉnh, thành phố và các trung tâm kinh tế lớn của khu vực phía Bắc Việt Nam và phía Nam Trung Quốc được kết nối thuận tiện với hệ thống giao thông hiện đại, đồng bộ bằng cả đường bộ, đường sắt, đường biển và đường hàng không."
"417","Khu công nghiệp Việt Hưng thuộc phường Việt Hưng, thành phố Hạ Long, có vị trí vô cùng thuận lợi cho việc lưu thông, kết nối với các KCN trong tỉnh cũng như với các tỉnh thành trên cả nước bằng cả hệ thống đường bộ - đường sắt- đường thủy- đường hàng không"
"418","Khu công nghiệp phục vụ nông nghiệp thuộc địa giới hành chính các xã: An Thái, An Ninh và An Cầu, huyện Quỳnh Phụ, tỉnh Thái Bình - Phía Đông Bắc giáp sông Hóa (Sông cấp IV); - Phía Tây Bắc giáp khu dân cư thôn A Sào, xã An Thái; - Phía Tây Nam giáp tỉnh lộ ĐT72, khu dân cư xóm Bắc Lệ thuộc xã An Cầu và thôn Lương Cả, xã An Ninh; - Phía Đông Nam giáp đất nông nghiệp xã An Ninh và giáp thị trấn An Bài."
"419","Là khu công nghiệp đa năng thuộc địa giới hành chính xã Tân Bình, thành phố Thái Bình và xã Tân Phong, huyện Vũ Thư."
"42","Xã Mường Bằng, huyện Mai Sơn, tỉnh Sơn La"
"420","Khu công nghiệp Phúc Khánh thuộc địa phận xã Phú Xuân, phường Phú Khánh, thành phố Thái Bình. Ranh giới lập quy hoạch chi tiết : + Phía Bắc giáp cánh đồng lúa xã Phú Xuân + Phía Nam giáp khu dân cư, xí nghiệp ven đường quốc lộ 10 + Phía Đông giáp sông Bạch và cánh đồng. + Phía Tây cách nghĩa trang thành phố và cánh đồng xã Phú Xuân."
"421","KCN Cầu Nghìn thuộc địa giới hành chính thị trấn An Bài và xã An Thanh huyện Quỳnh Phụ, tỉnh Thái Bình."
"422","+ Phía Bắc giáp khu dân cư xã Phú Xuân; + Phía Nam giáp đường Trần Thái Tông (Quốc lộ 10); + Phía Tây giáp sông Bạch; + Phía Đông giáp trạm điện thành phố, một số cơ sở công nghiệp hiện có và khu dân cư."
"423","Nằm ở phía Tây quốc lộ 10 thuộc địa giới hành chính 5 xã: Đông Xuân, Đông Dương, Đông Quang (huyện Đông Hưng), Đông Thọ, Đông Mỹ (Thành phố Thái Bình). Phía bắc giáp xóm 3 xã Đông Xuân; Phía Nam giáp đường giao thông từ Ngã tư Gia Lễ đi xã Đông Dương; Phía Đông giáp Quốc lộ 10; Phía Tây giáp thôn Tô Hiệu, xã Đông Quang và đất nông nghiệp xã Đông Dương."
"426","Có vị trí thuận lợi, gần cảng, gần sân bay"
"428","Thuộc xã Liên Bảo, Liên Minh, Kim Thái – huyện Vụ Bản- tỉnh Nam Định Nằm ngay cạnh tuyến đường sắt quốc gia Bắc Nam và QL 10 - là tuyến đường trục kinh tế huyết mạch với 4 làn xe, chạy dọc theo vùng duyên hải Bắc Bộ qua 6 tỉnh và thành phố: Quảng Ninh, Hải Phòng,Thái Bình, Nam Định, Ninh Bình và Thanh Hóa, và kết nối với các tuyến giao thông quan trọng như QL5, QL37, QL39, QL21, đường cao tốc Hà Nội – Hải Phòng và các đường tỉnh lộ, kết nối các trung tâm kinh tế, chính trị lớn của các địa phương, các khu công nghiệp tập trung."
"43",""
"431","KCN Đông Hồi nằm trên địa bàn các xã Quỳnh Lập, Quỳnh Lộc của Thị xã Hoàng Mai, tỉnh Nghệ An. Phía Bắc giáp núi Xước, núi Truông. Phía Nam giáp núi xóm đá Đồng Tiến. Phía Đông giáp biển Đông. Phía Tây giáp núi Xước và thị xã Hoàng Mai. KCN Đông Hồi cách thị trấn Cầu Giát về phía Bắc khoảng 20km, cách ga Hoàng Mai 1km, giáp cảng nước sâu Nghi Sơn – Thanh Hoá, cách quốc lộ 1A và đường sắt Bắc Nam 5 km, cách sân bay Vinh 80 km và cảng tổng hợp nước sâu Cửa Lò 75km."
"436","Vị trí đặt tại huyện Bình Xuyên, thuộc địa phận 2 xã Tam Hợp và Thiện Kế. Khu Công Nghiệp Thăng Long Vĩnh Phúc có vị trí cực kỳ thuận lợi cho việc giao thương"
"437","Khu vực nghiên cứu quy hoạch có tổng diện tích khoảng 45.332 ha bao gồm: phần diện tích Khu kinh tế hiện hữu là 10.300 ha, phần diện tích mở rộng khoảng 24.280 ha và khoảng 10.752 ha diện tích mặt biển. Bao gồm: toàn bộ diện tích các xã Bình Đông, Bình Thạnh, Bình Chánh, Bình Thuận, Bình Trị, Bình Hải, Bình Phước, Bình Hòa, Bình Phú, Bình Dương, Bình Thanh Đông, Bình Thanh Tây, Bình Tân, Bình Châu, Bình Thới và một phần các xã Bình Nguyên, Bình Long, Bình Hiệp, Bình Trung của huyện Bình Sơn; thị trấn Châu Ổ; toàn bộ diện tích các xã Tịnh Phong, Tịnh Hòa, Tịnh Kỳ và một phần xã Tịnh Thọ thuộc huyện Sơn Tịnh; toàn bộ diện tích huyện đảo Lý Sơn; khu vực mặt biển liền kề (diện tích khoảng 10.752 ha). Ranh giới quy hoạch được giới hạn như sau: - Phía Đông giáp biển Đông. - Phía Tây giáp đường sắt Bắc - Nam. - Phía Nam giáp ranh giới quy hoạch mở rộng thành phố Quảng Ngãi. - Phía Bắc giáp tỉnh Quảng Nam."
"438","-Nằm trên địa bàn xã Đại Xuyên, huyện Phú Xuyên, thủ đô Hà Nội, cách trung tâm Hà Nội 30km qua cao tốc Pháp Vân – Cầu Giẽ (QL1B) -Cách sân bài Nội Bài 60km -Cách cảng Hải Phòng 120km -Cách cảng Cái Lân 165km -Cách ga đường sắt Phú Xuyên Hà Nội và cảng Hồng Vân đường thủy nội địa 2km"
"440","KCN Nam Cầu Kiền có vị trí giao thông thuận lợi, kết nối với các hệ thống hạ tầng đồng bộ của thành phố Hải Phòng giúp cho các doanh nghiệp tiết kiệm chi phí vận tải và đi lại thông qua hệ thống giao thông đường bộ, đường sông, đường biển, đường sắt và đường hàng không."
"442","Dự án nằm trong khu kinh tế Chân Mây – Lăng Cô thuộc xã Lộc Tiến, Lộc Vĩnh, Tỉnh Thừa Thiên Huế, cách Thủ đô Hà Nội 710km về phía Bắc và cách Thành phố Hồ Chí Minh 1000km về phía Nam"
"445","+ Toàn bộ diện tích phát triển của cả Dự án Khu đô thị công nghiệp Dung Quất đều nằm ở huyện Bình Sơn, tỉnh Quảng Ngãi thuộc Khu kinh tế Dung Quất. Phía Đông giáp sông Trà Bồng và đường Thanh Niên; Phía Bắc giáp Sân bay Chu Lai; Phía Nam giáp đường Dốc Sỏi – Dung Quất. + Đây là khu vực có vị trí địa lý và các điều kiện rất thuận lợi để phát triển thành một khu công nghiệp hiện đại."
"448","Khu công nghiệp Tân Phú Thạnh giáp trung tâm TP.Cần Thơ và sân bay Cần Thơ, giáp sông ba láng, thuận lợi cho vận chuyển hàng hóa bằng đường thủy với tàu có tải trọng lên đến 2.000 tấn."
"449","Thuộc xã Khánh An, huyện U Minh, tỉnh Cà Mau."
"45","Nằm ven quốc lộ 1A, địa phận giáp ranh giữa tỉnh Thanh Hóa và tỉnh Ninh Bình"
"450","Thuộc xã Lương Thế Trân, huyện Cái Nước, tỉnh Cà Mau"
"451","Thuộc địa bàn huyện Năm Căn, tỉnh Cà Mau, bao gồm thị trấn Năm Căn, xã Hàm Rồng, xã Hàng Vịnh và ấp Ông Do của xã Đất Mới."
"452","Nằm trong mạng lưới giao thông chủ chốt của Vùng kinh tế trọng điểm phía Nam, thúc đẩy giao thương và vận chuyển hàng hoá. Tiếp giáp với Bình Dương và gần kề TP.HCM, MINH HƯNG SIKICO được thừa hưởng toàn bộ tiện ích từ cơ sở hạ tầng và dịch vụ cả hai đô thị này."
"46",""
"465","TTZ tọa lạc tại Quận 7, góc Đông Nam của trung tâm thành phố Hồ Chí Minh, nằm trên một bán đảo được bao quanh bởi sông Sài Gòn, tổng diện tích: 300 ha."
"467","Khu công nghiệp An Phát 1 có diện tích 180 ha, tọa lạc tại Km69, Quốc lộ 37 - nơi trọng điểm kết nối giao thương, công nghiệp, dịch vụ của miền Bắc Việt Nam, dễ dàng kết nối cùng Quốc lộ 5 và Quốc lộ 18, hứa hẹn trở thành điểm trung chuyển quan trọng trong hành lang kinh tế toàn vùng."
"47","Khu kinh tế Nghi Sơn (KKT Nghi Sơn) có diện tích tự nhiên 18.611,8 ha nằm phía Nam tỉnh Thanh Hoá, trên trục giao lưu Bắc - Nam của đất nước, cách Thủ đô Hà Nội 200 km về phía Nam, là cầu nối giữa vùng Bắc Bộ với Trung Bộ, Tây Bắc và Nam Bộ, với thị trường Nam Lào và Đông Bắc Thái Lan. Cảng Nghi Sơn có tiềm năng phát triển thành một trong những cảng biển lớn nhất cả nước với khả năng tiếp nhận tàu có trọng tải lên tới 50.000DWT, năng lực xếp dỡ lên đến hàng trăm triệu tấn/năm"
"471","Khu công nghiệp Long Bình An nằm tại phường Đội Cấn, thành phố Tuyên Quang, tỉnh Tuyên Quang, giáp đường ĐT186, có vị trí thuận lợi trong sản xuất cũng như phân phối sản phẩm đến các tỉnh, thành phố."
"472","Nằm cạnh Quốc lộ 10 nối liền các tỉnh Thái Bình-Nam Định-Ninh Bình. Cách trung tâm Hà nội khoảng 85Km, cách cảng Hải Phòng 88km, cách sân bay Quốc tế Nội Bài khoảng 110km"
"475","Công Nghiệp Dệt May Rạng Đông nằm trong Khu kinh tế Ninh Cơ. Hệ thống kết nối với tuyến đường nối Cao tốc Bắc Nam từ nút giao Cao Bồ, đường Cao tốc ven biển nối liền sáu Tỉnh phía Bắc, tuyến cầu Thịnh Long vượt sông Ninh Cơ, tuyến Cao tốc Ninh Bình - Nam Định - Thái Bình, Aurora IP sẽ là điểm kết nối trọng yếu của các trục hành lang kinh tế."
"49","Phía bắc tỉnh Thanh Hoá, cách TP Thanh Hoá 32 km; nằm ở phía tây đường quốc lộ 1A, gần đường sắt Bắc Nam."
"496","Khu CN Du Long nằm ở vị trí đắc địa: gần vị trí đấu nối cao tốc Bắc Nam và Quốc lộ 1A; cảng biển hàng hóa quốc tế Cam Ranh, Cà Ná, Vĩnh Tân; sân bay quốc tế Cam Ranh; ga đường sắt Tháp Chàm nên các phương tiện giao thông trọng tải lớn lưu thông rất thuận tiện"
"497","KCN Phước Nam nằm ở vùng Nam Trung Bộ, trên địa bàn xã Phước Nam, huyện Ninh Phước, tỉnh Ninh Thuận (tại Km 1574 trên Quốc lộ 1A)"
"498","Phường Thọ Quang, quận Liên Chiểu, thành phố Đà Nẵng"
"5","Khu công nghiệp Quế Võ nằm trên trục đường giao thông quan trọng, nối liền các trung tâm kinh tế lớn như Hà Nội, Hải Phòng, Quảng Ninh cũng như sân bay Quốc tế Nội Bài và các cảng biển Quốc tế, rất thuận tiện cho việc vận chuyển xuất nhập khẩu hàng hóa."
"50","Cách quốc lộ 1A 5km"
"503","Khu Công nghiệp Bình Xuyên II đặt tại thị trấn Bá Hiện, huyện Bình Xuyên, tỉnh Vĩnh Phúc, cách đường cao tốc Nội Bài- Lao Cai, 2km, Các sân bay Quốc tế Nội Bài 20 km, cách Trung tâm Thủ đô Hà Nội 50km, Cách cảng Cai Lân (Quảng Ninh) 165 km; cách Ga đường sắt 4 km"
"504","KCN nằm tại xã Bá Hiến và xã Thiện Kế, huyện Bình Xuyên, tỉnh Vĩnh Phúc. Nằm cách thủ đô Hà Nội 50km về phía Tây Bắc, khu công nghiệp dễ dàng kết nối với các vùng lân cận thông qua hệ thống đường bộ (cao tốc Xuyên Á Nội Bài – Lào Cai, quốc lộ 2, quốc lộ 18...), đường sắt (tuyến đường sắt Hà Nội – Vĩnh Phúc – Lào Cai – Trung Quốc), đường hàng không (cảng Hàng không Quốc tế Nội Bài) và đường biển (cảng Đình Vũ – Hải Phòng, cảng Cái Lân)."
"505","+ Phía Bắc giáp đường Tôn Đức Thắng (kéo dài) và khu dân cư thôn Minh Quyết, phường Khai Quang. + Phía Nam giáp các xã Quất Lưu, Tam Hợp (huyện Bình Xuyên) và đường sắt Hà Nội- Lào Cai. + Phía Tây giáp đường Nguyễn Tất Thành và khu dân cư thôn Thanh Giã, phường Khai Quang. + Phía Đông giáp núi Trống, đất lâm nghiệp xã Tam Hợp, huyện Bình Xuyên"
"506","KCN Thái Hòa - Liễn Sơn - Liên Hòa nằm trên địa phận huyện Lập Thạch, giáp quốc lộ 2C đi cầu Liễn Sơn với nút giao Văn Quán nối đường cao tốc Nội Bài - Lào Cai; Cách nút giao Văn Quán 8km; Cách Sân Bay Nội Bài 55km; Cách thành phố Vĩnh Yên 20km; Cách thủ đô Hà Nội 70km"
"507","Phường Hòa Khánh Bắc, quận Liên Chiểu, thành phố Đà Nẵng"
"508","KCN Thành Hải nằm tại địa bàn thành phố Phan Rang Tháp Chàm, ngay giao điểm của 3 trục giao thông chiến lược là Quốc lộ 1A, đường sắt thống nhất Bắc Nam, Quốc lộ 27 lên Nam Tây Nguyên"
"509","Khu công nghiệp Nhân Cơ nằm cách Thị xã Gia Nghĩa, tỉnh Đắk Nông 10km và cách thành phố Hồ Chí Minh khoảng 240 km, thuận lợi trong giao thương với thành phố Hồ Chí Minh và các tỉnh khu vực phía Nam."
"51","Nằm trên các tuyến giao thông đường bộ như quốc lộ 1A; đường Đặng Thai Mai; đường phía Nam KCN; đường vành đai phía Đông KCN"
"52","Nằm trên quốc lộ 46 nối nối từ cảng Cửa Lò với thành phố Vinh và đường Sào Nam đi bãi tắm Cửa Lò."
"520","- Phía Bắc và Đông Bắc: giáp Khu đô thị Bình Minh. - Phía Nam và Tây Nam: Giáp sông Hậu - Phía Tây và Tây Bắc: Giáp đường cao tốc Cần Thơ. - Phía Đông và Đông Nam: Giáp khu vực dự kiến phát triển công nghiệp."
"522","KCNCS PM3 tọa lạc tại phường Phước Hòa, thị xã Phú Mỹ, tỉnh Bà Rịa - Vũng Tàu."
"53","Nằm hai bên Quốc lộ 1A, có tuyến đường sắt Bắc Nam chạy qua, đường tỉnh lộ Nam Cấm nối quốc lộ 1A với cảng biển Cửa Lò."
"534","Nằm ngay vị trí cận kề Tp. Biên Hòa và cửa ngõ đi vào Tp. Hồ Chí Minh, KCN Giang Điền trở thành ""điểm vàng"" thu hút đầu tư trong suốt nhiều năm nay. Ngoài ra, lợi thế đáng chú ý nhất của khu công nghiệp Giang Điền là nằm gần nhiều cảng như: Cảng ICD Biên Hòa, cảng Gò Dầu, cảng Phước An, Tân Cảng Cát Lái và cảng Phú Mỹ."
"535","KCN Thạnh Phú có mạng lưới giao thông đường bộ thuận tiện, nằm kề cận thành phố Biên Hòa. Tọa lạc gần sông Đồng Nai, thuận tiện về giao thông đường thủy."
"536","KCN Xuân Lộc có lợi thế lớn về vận chuyển hàng hóa với vị trí nằm cạnh Quốc lộ 1, trục giao thông huyết mạch Bắc – Nam."
"539","KCN Yên Phong 2C nằm gần Quốc lộ 18 và đường Cao tốc Hà Nội - Thái Nguyên Cách sân bay Nội Bài 20km, cách Hà Nội 34 km"
"54","Nằm ven quốc lộ 1A"
"540","Nằm sát Quốc lộ 38, KCN Thuận Thành I dễ dàng kết nối đến thủ đô Hà Nội, sân bay quốc tế Nội Bài và cảng Hải Phòng."
"541","Nằm trên quốc lộ 18 đi Hải Dương, Quảng Ninh, Hải Phòng."
"542","Khu công nghiệp Quế Võ II nằm trong vùng kinh tế trọng điểm của phía Bắc, thuận lợi trong việc phục vụ sản xuất phát triển thị trường của các doanh nghiệp."
"543","KCN Quế Võ III với vị trí chiến lược nối liền Quốc lộ 17 & 18, giao thông thuận tiện liên kết với Hà Nội, Bắc Giang, Quảng Ninh, Hải Phòng, Sân bay Quốc tế Nội Bài… tạo đầu mối rất thuận lợi cho các doanh nghiệp sản xuất, xuất nhập khẩu và vận chuyển hàng hóa và vật liệu."
"544","KCN Đại Đồng Hoàn Sơn tiếp giáp với các tỉnh/TP như: TP. Hà Nội, tỉnh Bắc Giang, tỉnh Hải Dương, tỉnh Hưng Yên và nằm trong vùng kinh tế trọng điểm phía Bắc: Hà Nội- Hải Phòng- Quảng Ninh"
"545","Với vị trí chiến lược, KCN Nam Sơn Hạp Lĩnh thuận tiện đi tới Thủ đô Hà Nội, Sân bay Nội Bài, Cảng Hải Phòng (TP Hải Phòng), Cảng Cái Lân (Tỉnh Quảng Ninh), cửa khẩu Hữu Nghị, rất thuận lợi trong việc thu hút các nhà đầu tư nước ngoài, đặc biệt là các công ty vệ tinh của các tập đoàn lớn của thế giới đã và đang đầu tư tại đây."
"546","Khu công nghiệp Tân Đức thuộc tỉnh Long An, được xác định là vùng kinh tế động lực có vai trò đặc biệt quan trọng trong chiến lược phát triển kinh tế Việt Nam"
"55","Khu vực Quy hoạch nằm dọc theo 2 bên đường Quốc lộ 1A nối bờ biển Hòn La và đường rẽ Cửa Ong, thuộc thôn Thọ Sơn và Minh sơn xã Quảng Đông huyện Quảng Trạch."
"550","KCN Tràng Duệ thuộc KKT Đình Vũ – Cát Hải; nằm tiếp giáp với QL 10; cách cao tốc Hà Nội- Hải Phòng 7km."
"552","KCN Thành Hải nằm tại địa bàn thành phố Phan Rang Tháp Chàm, ngay giao điểm của 3 trục giao thông chiến lược là Quốc lộ 1A, đường sắt thống nhất Bắc Nam, Quốc lộ 27 lên Nam Tây Nguyên"
"553","Cách trung tâm thành phố Hà nội khoảng 170km về phía Bắc, cách cửa khẩu Lào Cai 170 Km về phía Nam và nằm sát quốc lộ 37 và đường cao tốc Nội Bài- Lào Cai."
"554","Cách trung tâm thành phố Hà nội khoảng 155km về phía Bắc, cách cửa khẩu Lào Cai 185 Km về phía Nam và nằm cạnh đường quốc lộ 32 C, cách đường cao tốc Nội Bài- Lào Cai 4,5 Km. KCN Minh Quân Nằm ở phía Đông Nam Của thành phố Yên Bái. - Cách trung tâm thành phố Yên Bái khoảng 9,5 Km về phía Tây Bắc; - Cách Nút lên xuống đường cao tốc Hà Nội- Lào Cai( IC- 12) khoảng 4,5Km về phía Tây( kết nối theo đường QL32C với đường Âu Cơ). – Cách UBND xã Minh Quân khoảng 3Km về phía Tây Nam. + Địa hình: nằm giáp sông Hồng, cấu tạo địa hình gồm dải phù sa ven sông, đồng bằng phù xa cổ thềm sông,các đồi núi thấp đỉnh tròn hình bát úp, các thung lũng khe suối len lỏi xen kẽ ddoiod núi và các cánh đồng lượn sóng chạy dọc theo triền sông. – Là đồi gò, cốt cao độ trung bình khu vực chưa xây dựng từ 55- 80.5m, khu vực xây dựng trung bình từ 40.5 – 42.6 m, hướng dốc chính từ Tây Bắc xuống Đông Nam."
"555","KCN Hòa Hội nằm sát đường quốc lộ 1A - Tuyến quốc lộ huyết mạch nối các tỉnh, thành phố trọng điểm trong đó có các thành phố lớn như Hà Nội, Đà Nẵng, Nha Trang, TP. Hồ Chí Minh, …."
"557","Cách trung tâm thành phố Hà nội khoảng 170km về phía Nam, cách cửa khẩu Lào Cai 180 Km về phía Bắc và cách tuyến đường cao tốc Nội Bài- Lào Cai 5,5Km. Phía Bắc giáp tuyến đường cảng Hương Lý đi cầu Văn Phú; phía Nam giáp khu vực đồi trồng rừng, phía Tây giáp khu dân cư."
"56","Gần quốc lộ 1A"
"561","KCN Hòa Hội nằm sát đường quốc lộ 1A - Tuyến quốc lộ huyết mạch nối các tỉnh, thành phố trọng điểm trong đó có các thành phố lớn như Hà Nội, Đà Nẵng, Nha Trang, TP. Hồ Chí Minh, …."
"563","- Địa điểm xây dựng: phường Trần Quang Diệu, thành phố Quy Nhơn, tỉnh Bình Định. - Giới cận khu công nghiệp: + Phía Bắc giáp sông Hà Thanh. + Phía Nam giáp khu đất thuộc Công ty Phú Tài + Phía Đông giáp Quốc lộ 1A. + Phía Tây giáp núi Hòn Chà."
"564","Vị trí địa lý và địa hình của tỉnh Bình Định đã chi phối đến các quá trình hình thành các đặc trưng khí hậu của tỉnh. Bình Định nằm ở miền Nam Trung bộ, thuộc khu vực nhiệt đới ẩm gió mùa."
"569","KCN Đông Nam nằm ở vị trí chiến lược tại mặt tiền đường Tỉnh lộ 8, là điểm tiếp nối giữa trung tâm TP. Hồ Chí Minh (2 km) và TP. Thủ Dầu Một, tỉnh Bình Dương (05 km)."
"570","KCN Lê Minh Xuân 3 tọa lạc tại đường Trần Văn Giàu huyện Bình Chánh, TP. HCM, là cầu nối giữa hai vùng kinh tế trọng điểm: TP. HCM – thành phố phát triển về các ngành tài chính, khoa học, đào tạo nhân sự, và Đồng bằng Sông Cửu Long, vùng sản xuất nông nghiệp và ngư nghiệp lớn nhất Việt Nam."
"573","Nằm cạnh Sân bay quốc tế Long Thành, Quốc lộ 51, Cao tốc TP.HCM - Long Thành - Dầu Giây, gần các cảng sông/cảng biển lớn của phía Nam."
"575","KCN Phước Đông nằm ở vị trí chiến lược trên đường ĐT 782, H. Gò Dầu, tỉnh Tây Ninh. Nằm gần cửa khẩu Mộc Bài và đường cao tốc HCM – Mộc Bài kết nối với TP. HCM"
"579","Vị trí lý tưởng để đặt nhà máy sản xuất tại Việt Nam, nằm giữa mạng lưới giao thông đường bộ, đường hàng không, đường biển thuận tiện"
"580","Nằm trên tuyến đường QL 39, tiếp giáp đường ven biển Ninh Bình-Hải Phòng-Thái Bình. - Cách cảng Lạch Huyện : 36 km - Cách sân bay Cát Bi : 35km - Cách TP Hà Nội : 130km Tiếp giáp QL39, QL37, tỉnh lộ 456"
"582","• Thuộc khu Kinh tế Vũng Áng, Thị xã Kỳ Anh, Tỉnh Hà Tĩnh • Nằm kề tuyến đường quốc lộ 1B, 1A, đường cao tốc Bắc Nam. • Tuyến đường sắt nối liền giữa Thái Lan- Lào- và Khu kinh tế Vũng Áng làm rút ngắn khoảng cách và giảm chi phí vận chuyển nguyện liệu hàng hóa và sản phẩm."
"584","KCN Hòa Hội nằm sát đường Quốc lộ 1A - Tuyến quốc lộ huyết mạch nối các tỉnh, thành phố trọng điểm trong đó có các thành phố lớn như Hà Nội, Đà Nẵng, Nha Trang, TP. Hồ Chí Minh, …."
"586","KCN WHA Industrial Zone Nghệ An nằm ở vị trí chiến lược quan trọng khu vực Bắc Trung Bộ của Việt Nam, là Trung tâm sản xuất mới với mạng lưới giao thông thuận tiện nguồn cùng nhân lực và tài nguyên thiên nhiên địa phương dồi dào."
"587","KCN Hoàng Mai I có vị trí giao thông rất thuận lợi, từ đây có thể dễ dàng tiếp cận nhanh chóng các cảng biển, cảng đường bộ và cảng hàng không do đó tiết kiệm được nhiều chi phí và thời gian vận chuyển, đặc biệt là chi phí Xuất nhập khẩu hàng hoá."
"588","VSIP Nghệ An nằm ở vị trí chiến lược tại tỉnh Nghệ An – là trung tâm sản xuất mới của Khu vực Bắc Trung Bộ."
"590","Tọa lạc tại Phân khu 7, Khu kinh tế Nhơn Hội, tỉnh Bình Định, dự án có vị trí chiến lược quan trọng, thuận tiện trong việc kết nối với các vùng kinh tế trọng điểm miền Trung, trong nước và quốc tế. Với hạ tầng giao thông kết nối liền mạch, thuận lợi và đa dạng (QL19, QL19B, QL1A, QL1D), có vị trí chiến lược là nằm sát QL19C, kết nối trực tiếp với tỉnh lộ ĐT. 638, rất thuận lợi di chuyển đến QL1A, dễ dàng đi đến các tỉnh thành và cảng biển quốc tế Quy Nhơn, sân bay quốc tế Phù Cát đáp ứng nhu cầu của nhà đầu tư về lưu thông vận chuyển hàng hóa. Ngoài ra, dự án có tuyến đường sắt Bắc - Nam đi qua sẵn sàng đáp ứng yêu cầu vận tải hàng hóa nhanh chóng, hiệu quả."
"591","KCN Hoàng Mai II có vị trí giao thông rất thuận lợi, từ đây có thể dễ dàng tiếp cận nhanh chóng các cảng biển, cảng đường bộ và cảng hàng không do đó tiết kiệm được nhiều chi phí và thời gian vận chuyển, đặc biệt là chi phí Xuất nhập khẩu hàng hoá."
"592","KCN Phúc Sơn và KCN Khánh Phú có vị trí chiến lược nằm sát đường cao tốc 1B Hà Nội - Ninh Bình - Thanh Hóa, kết nối trực tiếp với đường QL10, rất thuận tiện di chuyển đến quốc lộ 1A; KCN có vị trí lí tưởng, kết nối thuận lợi vào hệ thống hạ tầng giao thông từ tỉnh Ninh Bình đến các tỉnh khác và vùng lân cận"
"593",""
"596","Phía Bắc và Đông Bắc: giáp Khu đô thị Bình Minh. - Phía Nam và Tây Nam: Giáp sông Hậu - Phía Tây và Tây Bắc: Giáp đường cao tốc Cần Thơ. - Phía Đông và Đông Nam: Giáp khu vực dự kiến phát triển công nghiệp.Tiếp giáp Quốc lộ 1A"
"597","Phía Bắc giáp đất dân và đất quy hoạch khu tái định cư và nhà ở công nhân của khu công nghiệp; Phía Nam giáp đất dân và Quốc lộ 54; Phía Đông giáp đất dân ven kênh Hai Quý; Phía Tây giáp đất dân và Quốc lộ 54"
"598","Khu công nghiệp Đông Bình nằm ngay tại xã Đông Bình, huyện Bình Minh, tỉnh Vĩnh Long. - Tiếp giáp Quốc lộ 54 và cách 1 Quốc lộ 1A: 3 km"
"599","Có vị trí tại thành phố Buôn Ma Thuột, tỉnh Đắk Lắk, trung tâm của vùng Tây Nguyên"
"600","Khu công nghiệp Cách 1 Quốc lộ 1A 14 km."
"601","Khu IV - Tuyến công nghiệp Cổ Chiên nằm cặp tỉnh lộ 902 và bờ sông Cổ Chiên thuộc xã Thanh Ðức, huyện Long Hồ, tỉnh Vĩnh Long."
"603","Khu công nghiệp Hựu Thạnh IDICO gần (tiếp giáp) với Thành phố Hồ Chí Minh - Trung tâm kinh tế lớn nhất cả nước, nên có nhiều điều kiện để phát triển, nhất là phát triển kinh tế công nghiệp."
"61",""
"612","Ngã 3 giao nhau giữa Quốc lộ 14 và Quốc lộ 19, hướng đi về phía Tây kết nối với cửa khẩu quốc tế Lệ Thanh qua Campuchia, hướng về phía Bắc đi trung tâm thành phố Pleiku theo quốc lộ 14 đi tỉnh Kon Tum và hướng Đông theo quốc lộ 19 đi cảng biển Quy Nhơn tỉnh Bình Định"
"613",""
"615",""
"619","Nằm ngay cạnh tuyến đường sắt quốc gia Bắc Nam và QL 10 - là tuyến đường trục kinh tế huyết mạch với 4 làn xe, chạy dọc theo vùng duyên hải Bắc Bộ qua 6 tỉnh và thành phố: Quảng Ninh, Hải Phòng,Thái Bình, Nam Định, Ninh Bình và Thanh Hóa, và kết nối với các tuyến giao thông quan trọng như QL5, QL37, QL39, QL21, đường cao tốc Hà Nội – Hải Phòng và các đường tỉnh lộ, kết nối các trung tâm kinh tế, chính trị lớn của các địa phương, các khu công nghiệp tập trung."
"62","Nằm trên quốc lộ 19"
"621","Khu công nghiệp Cầu Nghìn có vị trí nằm tại xã An Thanh, thị trấn An Bài, huyện Quỳnh Phụ, tỉnh Thái Bình. Phía Bắc giáp Quốc lộ 10; phía Đông giáp sông Hóa, địa phận Vĩnh Bảo, Hải Phòng; phía Nam giáp sông Lý Xá, khu cư dân hiện có; phía Tây Bắc giáp đất nông nghiệp xã An Ninh."
"622","Dự án nằm liền kề cao tốc Hòa Lạc - Hòa Bình, cách trung tâm Hà Nội chỉ 43 km, cách sân bay Nội Bài 66km, là đầu mối giao thông quan trọng kết nối trục hành lang kinh tế Hà Nội - Hòa Bình và các tỉnh Tây Bắc của Việt Nam."
"623","Nằm ở vị trí trung tâm tam giác kinh tế Hà Nội – Thái Bình – Hải Phòng, thuận tiện kết nối với hàng loạt tiện ích."
"624","Vị trí chiến lược, nguồn nhân lực đông đảo với giá rẻ, đón đầu lợi ích từ đường cao tốc duyên hải hoàn thành vào năm 2026"
"625","Khu công nghiệp Hòa Trung sở hữu vị trí tại Cà Mau- khu vực đầy tiềm năng dự án mới trong tương lai còn nhiều dư địa phát triển mạnh. Đây còn là điểm dừng chân cho các tuyến khám phá về thăm địa điểm, khu vui chơi giải trí du lịch và khu lưu trữ sinh quyển đất nước mũi Cà Mau."
"626","KCN Khánh An có vị trí vô cùng thuận lợi nằm liền kề Cụm Khí - Điện - Đạm Cà Mau, là tiềm năng thu hút các dự án đầu tư có nhu cầu sử dụng nguồn khí thấp áp."
"627","Khu công nghiệp Sông Đốc là một khu công nghiệp nằm ở huyện Trần Văn Thời, tỉnh Cà Mau, Việt Nam. Khu công nghiệp được thành lập theo Quyết định số 1822/QĐ-UBND ngày 22 tháng 12 năm 2008 của Ủy ban nhân dân tỉnh Cà Mau."
"63","Gần quốc lộ 1A"
"635",""
"636",""
"637",""
"64",""
"641",""
"642","Vị trí quy hoạch của KCN Quán Ngang nằm trên địa bàn xã Gio Quang, huyện Gio Linh, tỉnh Quảng Trị, ranh giới phía Bắc giáp với xã Gio Châu, phía Nam giáp với tuyến đường 73 Đông, phía Tây giáp với khu dân cư xã Gio Châu, huyện Gio Linh, phía Đông giáp với khe thoát nước tự nhiên của khu vực."
"643",""
"644",""
"649","Khu công nghiệp Hòa Phú có vị trí vô cùng thuận lợi: tiếp giáp tỉnh lộ 295, kết nối với đường cao tốc Nội Bài – Hạ Long, kết nối với các khu công nghiệp lớn (KCN Yên Phong 1, KCN Yên Phong 2, KCN Samsung), liền kề sông Cầu. Tọa lạc trên mảnh đất hội tụ đầy đủ các yếu tố “vàng” của hành lang kinh tế phía Bắc, Khu công nghiệp Hòa Phú hiện đã sẵn sàng với mặt bằng sạch chào đón các nhà đầu tư trong và ngoài nước, hứa hẹn sẽ là điểm đến lý tưởng cho các doanh nghiệp, trở thành khu công nghiệp sức hút mạnh mẽ, đóng góp cho nền kinh tế tỉnh Bắc Giang nói riêng và nền kinh tế Việt Nam nói chung"
"65","Trên tuyến quốc lộ 1A"
"650","KCN Becamex Bình Phước tiếp giáp với vùng Tứ giác Kinh tế trọng điểm phía Nam (Tp. HCM, Bình Dương, Đồng Nai và Bà Rịa – Vũng Tàu), trên trục Quốc lộ 14 – cửa ngõ giao thương quan trọng giữa vùng Đông Nam Bộ và Tây Nguyên."
"651","Khu công nghiệp Việt Kiều tọa lạc tại huyện Hớn Quản, tỉnh Bình Phước, dễ dàng tiếp cận bằng hệ thống đường cao tốc đồng bộ và sự phát triển trong tương lai bao gồm Đường quốc lộ, đường sắt và sân bay."
"652","Nằm trên giao điểm của hai trục giao thông chính tỉnh Sóc Trăng là Quốc lộ 1A và Quốc lộ 60 nối liền với đường Nam sông Hậu và cảng nước sâu Đại Ngãi, KCN An Nghiệp có nhiều lợi thế về kết nối với vùng công nghiệp và các khu tiện ích trên địa bàn."
"653","Khu công nghiệp có vị trí rất thuận lợi cả về giao thông đường thủy, đường bộ; nằm ở vị trí trung tâm của vùng nguyên liệu nuôi trồng nông, thủy, hải sản và đánh bắt từ biển dồi dào để cung cấp nguyên liệu cho ngành công nghiệp chế biến lương thực, thực phẩm…"
"654",""
"655","Khả năng kết nối rất tốt nhờ vị trí đắc địa nằm ở cửa ngõ phía Tây, dễ dàng đến nội thành. Cũng như rất thuận tiện để di chuyển đến các cụm khu công nghiệp khác ở Bình Dương, Long An"
"673",""
"675",""
"679","Vị trí liền kề: - Cách Thành phố Hồ Chí Minh 167km - Cách sân bay quốc tế Tân Sơn Nhất 170km, cách sân bay quốc tế Long Thành 201km - Cách Cảng Sài Gòn Mới 164km, Cảng Cát Lái 173km, Cảng Thị Vải 220km, Cảng Vũng Tàu 260km"
"68","KCN Hàm Kiệm II nằm trên trục lộ giao thông Bắc – Nam, cách QL1A 600 mét ; cách đường dẫn lên đường Cao tốc TP.Hồ Chí Minh – Long Thành – Dầu Giây – Phan Thiết 2 km. Địa hình bằng phẳng."
"681","Vị trí liền kề: - Cách trung tâm thành phố Cần Thơ 10 km - Cách sân bay Trà Nóc 1 km, cách sân bay Cần Thơ 2,5 km - Cách cảng biển Cần Thơ 3 km"
"684",""
"689","Tiếp giáp DT.846 và kênh Nguyễn Văn Tiệp; cách trung tâm thị trấn Mỹ An 04 km, cách thành phố Cao Lãnh 28 km; Cách sông Tiền 30 km và cách Thành phố Hồ Chí Minh 80 km. Khoảng cách tới sân bay Trà Nóc tại thành phố Cần Thơ: 53 km"
"691","Nằm ở trung tâm tỉnh"
"693","Thuận tiên đi lại TP.HCM qua đường cao tốc TP.HCM – Trung Lương, QL1A trong vòng 1h."
"695","Nằm cạnh bờ sông Cần Giuộc, nối liền với TP HCM theo QL50."
"699","Đây là địa điểm tập trung xây dựng các nhà máy chế tạo phục vụ cho ngành Dầu khí"
"7","Nằm sát nút giao lập thể giữa đường cao tốc Hà Nội-Lạng Sơn và điường tỉnh lộ 295."
"70","Nằm trên quốc lộ 1A"
"701","Khu công nghiệp Long Đức nằm ở vị trí hội tụ cả giao thông đường bộ và đường thủy cho việc vận chuyển, lưu thông hàng hóa"
"703",""
"705",""
"707",""
"710",""
"712",""
"713",""
"715","Nằm trong vùng kinh tế trọng điểm phía Nam; giao thông thuận tiện bằng đường bộ, đường thủy và đường hàng không."
"718","Khu công nghiệp Đông Xuyên nằm dọc theo Quốc lộ 51A"
"721",""
"722","Nằm ở ba góc Lô Tẻ, gần QL 91 và Tỉnh lộ 941"
"725","Nằm dọc Quốc lộ 91, cách Cửa khẩu quốc tế Tịnh Biên 1 km"
"727","Liền kề Quốc lộ 1A, sông Hậu, cầu Cần Thơ và đường dẫn vào cầu Cần Thơ, cách Hải quan Vĩnh Long 30 km."
"729","Nằm ở ba góc Lô Tẻ, gần QL 91 và Tỉnh lộ 941"
"73","Là một trong ba khu công nghệ cao đa chức năng cấp quốc gia của Việt Nam và là Khu CNC quốc gia duy nhất tại Miền Trung"
"730",""
"731","Khu công nghiệp Hữu Thành giáp thành phố Hồ Chí Minh, là trung tâm kinh tế lớn nhất Việt Nam. Vì vậy, khu công nghiệp Hữu Thành cần có nhiều điều kiện để phát triển, đặc biệt là kinh tế công nghiệp."
"732","Khu công nghiệp Bình Vàng tọa lạc tại xã Đạo Đức, huyện Vị Xuyên, tỉnh Hà Giang, Việt Nam"
"733","KCN Cẩm Khê nằm ở phía Tây Bắc tỉnh Phú Thọ, thuộc thị xã Cẩm Khê, huyện Cẩm Khê, tỉnh Phú Thọ."
"734","KCN Chu Trinh thuộc địa bàn xã Chu Trinh, thành phố Cao Bằng, tỉnh Cao Bằng."
"735","KCN Đề Thám tọa lạc tại phường Hợp Giang, thành phố Cao Bằng, tỉnh Cao Bằng"
"736","Khu công nghiệp Hòa Phú tọa lạc tại xã Sơn Nam, huyện Sơn Dương, tỉnh Tuyên Quang"
"737","KCN Phú Hà nằm ở khu vực trung tâm của tỉnh Phú Thọ, bao gồm các xã Phú Hồ, Hà Lộc, Hà Thạch, thị xã Phú Thọ, tỉnh Phú Thọ."
"738","KCN Bá Thiện phân khu 1 có vị trí nằm tiếp giáp với tuyến vành đai 4 của thành phố Hà Nội, đường tỉnh 310B, gần tuyến cao tốc Hà Nội - Lào Cai."
"74","Phường Hòa Khánh, Quận Liên Chiểu, TP. Đà Nẵng"
"740",""
"742","Khu công nghiệp ven biển nằm ở phía Nam KKT Vân Phong, thuộc phường Ninh Thủy, thị xã Ninh Hòa. Cách Quốc lộ 1A 8 km; cách ga Hòa Huỳnh 18 km; cách cảng Hòn Khói 10 km; giáp cảng tổng hợp Nam Vân Phong; và cách sân bay quốc tế Cam Ranh 75 km"
"744",""
"745","Khu công nghiệp Texhong - Hải Hà nằm trong Khu công nghiệp và cảng biển Hải Hà, huyện Hải Hà, tỉnh Quảng Ninh."
"752","Khu công nghiệp Bá Thiện II nằm tiếp giáp với đường tỉnh lộ 310 và Cách đường cao tốc Nội Bài – Lào Cai – Trung Quốc 6km."
"76","Khu công nghiệp Hoà Cầm có vị trí địa lý nằm về phía Tây Nam Thành phố Đà Nẵng, giáp đường Quốc lộ 14B thuộc trục hành lang kinh tế Đông Tây. Là khu công nghiệp có vị trí thuận lợi nhất trong 5 khu công nghiệp tại Đà Nẵng."
"760",""
"762",""
"765",""
"767","Khu công nghiệp Bình Xuyên nằm tiếp giáp với đường Quốc lộ 2A, gần với khu vực dân cư đông đúc."
"768",""
"769",""
"770",""
"771",""
"772",""
"774",""
"775","Liền kề cao tốc Nội Bài - Lào Cai."
"776",""
"778","Cách nút giao IC3 20Km đường cao tốc Nội Bài Lào Cai; Cách cao tốc Hà Nội Hải Phòng 70Km."
"78","Nối với quốc lộ 1A"
"780","Khu công nghiệp Khai Quang có vị trí quy hoạch kết nối thuận tiện tới các tuyến giao thông và các trung tâm kinh tế lớn khu vực miền Bắc."
"781",""
"788","Với lợi thế tỉnh Lào Cai là tỉnh có vị trí nằm giữa Côn Minh và Hải Phòng nên Lào Cai là điểm nút quan trọng trong tuyến hành lang kinh tế Côn Minh - Lào Cai - Hà Nội - Hải Phòng và là điểm đấu nối con đường cao tốc Xuyên Á từ Thành phố Côn Minh (Trung Quốc) xuống Lào Cai - Hà Nội - Hải Phòng - Quảng Ninh và đi các nước tiểu vùng sông Mekong. Đặc biệt, cửa khẩu quốc tế Lào Cai là cửa ngõ quan trọng với hành trình ngắn nhất nối Việt Nam với thị trường Tây Nam Trung Quốc, các nước ASEAN cũng như thế giới và ngược lại."
"789","KCN Tằng Loỏng thuộc địa giới hành chính thị trấn Tằng Loỏng, huyện Bảo Thắng, tỉnh Lào Cai."
"79","Gần quốc lộ 1A và quốc lộ Bắc Nam"
"8","Chúng tôi là nhà phát triển khu công nghiệp và đô thị hàng đầu, nằm tại vị trí chiến lược biên giới giữa Hà Nội và Bắc Ninh, đối diện với đường cao tốc số 1 nối tới cửa khẩu Hữu Nghị với Trung Quốc và đi tới Thành phố Hồ Chí Minh"
"80","Cách quốc lộ 1A 2km"
"81",""
"819","Khu Công nghiệp Đồng Bành nằm trên địa bàn xã Hòa Lạc, huyện Hữu Lũng và thị trấn Chi Lăng, huyện Chi Lăng, tỉnh Lạng Sơn."
"82","Khu công nghiệp Đông Quế Sơn thuộc xã Hương An, huyện Quế Sơn, ranh giới cụ thể: + Phía bắc: Giáp khu dân cư quy hoạch mới + Phía Nam: Giáp khu dân cư quy hoạch + Phía Đông: Giáp xã Bình Phục, huyện Thăng Bình + Phía Tây: Giáp Quốc lộ 1A và sông Ly Ly"
"820","Khu Công nghiệp Nam Phổ Yên thuộc xã Trung Thành, xã Thuận Thành nằm ở phía Nam của Phổ Yên, giáp cảng Đa Phúc và nằm dọc hai bên trục đường Quốc Lộ 3, điểm đấu nối đường cao tốc Hà Nội – Thái Nguyên, đồng thời giáp huyện Sóc Sơn Hà Nội, do đó có khả năng kết nối giao thông thuận tiện với khu vực trung tâm."
"823","Khu công nghiệp Sông Công I có vị trí nằm tiếp giáp với đường Quốc lộ 3 và gần với nút giao cao tốc Hà Nội - Thái Nguyên"
"825","KCN Sông Công II có ranh giới phía Đông giáp Quốc lộ 3 mới, đồng thời cách Cao tốc Hà Nội - Thái Nguyên 7 km, do đó KCN Sông Công II có khả năng kết nối thuận tiện về giao thông"
"827","Khu Công nghiệp VSIP Lạng Sơn toạ lạc tỉnh Lạng Sơn – cửa ngõ quan trọng, nối giữa Việt Nam với Trung Quốc và các nước ASEAN, điểm đầu trên tuyến Hành lang kinh tế Lạng Sơn – Hà Nội – Thành phố Hồ Chí Minh – Mộc Bài và Hành lang kinh tế trọng điểm quốc gia Lạng Sơn – Hà Nội – Hải Phòng – Quảng Ninh."
"828","Vị trí Khu Công nghiệp Yên Bình được giới đầu tư đánh giá là đắc địa trong vùng kinh tế trọng điểm phía Bắc. Với điểm nhấn nổi bật khi dự án nằm tại điểm giao nhau của 5 thành phố lớn (Hà Nội, Bắc Ninh, Bắc Giang, Thái Nguyên và Vĩnh Yên) chỉ vỏn vẹn cách nhau 30km. Nhờ đó mà KCN thừa hưởng được hệ thống hạ tầng giao thông hiện đại."
"83","Gần quốc lộ 1A"
"84",""
"846","KCN nằm trên Quốc lộ 6 nối từ thành phố Hà Nội đi các tỉnh Tây Bắc; cách nút giao ngã 3 đường cao tốc Hà Nội – Hòa Bình khoảng 16km, từ KCN có thể dễ dàng kết nối tới các vùng kinh tế trọng điểm qua QL6 và đường cao tốc Hà Nội-Hòa Bình."
"847","KCN bờ trái Sông Đà thuộc địa phận Phường Hữu Nghị, thành phố Hòa Bình, tỉnh Hòa Bình, đây là nơi trọng điểm phát triển kinh tế của tỉnh, không những thế tỉnh Hòa Bình còn là cửa ngõ của vùng Tây Bắc nên có rất nhiều đặc điểm về vị trí địa lý và giao thông cho phát triển công nghiệp."
"848",""
"849","Cách đường cao tốc Hòa Lạc-Hòa Bình 22 km. Với vị trí thuận lợi cùng lực lượng lao động địa phương dồi dào, có tay nghề cao, phù hợp cho nhiều loại hình kinh doanh của các nhà đầu tư, KCN Lương Sơn đã và đang trở thành một địa chỉ hấp dẫn của các nhà đầu tư ở trong và ngoài nước."
"85","Gần quốc lộ 1A"
"850","KCN Nhuận Trạch có vị trí giao thông thuận lợi, ngay gần đường quốc lộ 6, cách không xa thủ đô Hà Nội và thành phố Hòa Bình. Đây là điều kiện tốt cho phát triển công nghiệp. Cách đường cao tốc Hòa Lạc-Hòa Bình 20km."
"851","Khu Công nghiệp Yên Quang tiếp giáp cửa ngõ phía Tây Bắc Thủ đô và nằm liền kề cao tốc Hòa Lạc – Hòa Bình. Vị trí chiến lược giúp tiếp cận nhanh chóng, thuận tiện với thành phố Hà Nội mở rộng, đồng thời là đầu mối giao thông quan trọng kết nối Hà Nội với miền Tây Bắc trên trục hành lang kinh tế Hà Nội – Hòa Bình – Mộc Châu – Sơn La – Lai Châu."
"852","Khu công nghiệp Hòa Trung tọa lạc tại tỉnh Cà Mau - khu vực đầy tiềm năng cho các dự án mới trong tương lai với nhiều dư địa phát triển mạnh. Đây còn là điểm dừng chân cho các tuyến khám phá đi thăm các địa điểm, khu vui chơi giải trí du lịch và khu lưu trữ sinh quyển đất nước ở mũi Cà Mau."
"853","KCN Khánh An có vị trí vô cùng thuận lợi nằm liền kề Cụm Khí - Điện - Đạm Cà Mau, là tiềm năng thu hút các dự án đầu tư có nhu cầu sử dụng nguồn khí thấp áp."
"854","Khu công nghiệp Sông Đốc có vị trí chiến lược quan trọng, nằm trên tuyến đường biển quốc tế kết nối các nước Đông Nam Á, Trung Quốc, Ấn Độ và châu Âu."
"86",""
"866","Cụm công nghiệp Đức Thọ có quy mô 68ha đất, tại Quốc lộ 8A, huyện Đức Thọ, tỉnh Hà Tĩnh được UBND tỉnh phê duyệt chủ trương đầu tư theo QĐ số 37/QĐ-UBND ngày 30/12/2022 và được phát triển bởi chủ đầu tư Công ty CP Đầu tư GS Miền Trung – thành viên của Công ty CP GS Holding."
"868","Cụm Công nghiệp Tượng Lĩnh có một vị trí địa lý thuận lợi. Khoảng cách đến các địa điểm như trung tâm thành phố, cảng, sân bay ít hơn 50km. Địa hình bằng phẳng"
"87","Khu công nghiệp Phổ Phong Phong nằm cách Quốc lộ 1A 8km, thuộc địa bàn huyện Đức Phổ tỉnh Quảng Ngãi, cách Cảng Dung Quất và sân bay Chu Lai khoảng hơn 70km. Là KCN tập trung quy mô vừa, đa ngành trong đó dự kiến bố trí các ngành công nghiệp ưu tiên sử dụng nguồn nguyên liệu địa phương như chế biến nông, lâm, thủy sản, mía đường, các ngành công nghiệp nhẹ, ít ô nhiễm môi trường..."
"872","Cụm công nghiệp Đức Thọ có quy mô 68ha đất, tại Quốc lộ 8A, huyện Đức Thọ, tỉnh Hà Tĩnh được UBND tỉnh phê duyệt chủ trương đầu tư theo QĐ số 37/QĐ-UBND ngày 30/12/2022 và được phát triển bởi chủ đầu tư Công ty CP Đầu tư GS Miền Trung – thành viên của Công ty CP GS Holding."
"874",""
"876",""
"89","Cách Quốc lộ 1A 4 km; gần các điểm nối giữa QL 1A và đường đi Tây nguyên"
"90","Cách Quốc lộ 1A 4 km; gần các điểm nối giữa QL 1A và đường đi Tây nguyên"
"91","Cách Quốc lộ 1A 4 km; gần các điểm nối giữa QL 1A và đường đi Tây nguyên"
"92",""
"921","Nằm trên địa bàn xã Phước Vĩnh Đông, huyện Cần Giuộc tỉnh Long An, cách trung tâm TP. HCM 29 km về phía nam. Kết nối các tỉnh lân cận qua tuyến đường vành đai 3, 4, cao tốc Bến Lức – Long Thành"
"922","Nằm ở trung tâm của ba xã Tân Mỹ, An Ninh Đông và Lộc Giang, thuộc huyện Đức Hòa, tỉnh Long An, phía Tây Bắc TP. HCM. Kết nối các tỉnh lân cận qua tuyến đường Vành đai 3, Vành đai 4, cao tốc TPHCM- Mộc Bài."
"923","Nằm ở phía tây bắc Tp. HCM, cách trung tâm TP (Quận 1) 25 km. Trên mặt tiền Quốc lộ 22 thuộc Huyện Củ Chi, kết nối các tỉnh lân cận qua tuyến đường Vành đai 3, Vành đai 4, cao tốc TPHCM- Mộc bài."
"93",""
"94",""
"95","Cạnh quốc lộ1A (100m)"
"97","Xã Tâm Thắng, huyện Cư Jút, Đắk Nông"
"98","Cụm công nghiệp Tân Phú (Chirong) đặt tại huyện Đức Trọng tỉnh Lâm Đồng"
"99","Địa điểm: Đại Lào, thị xã Bảo Lộc, tỉnh Lâm Đồng."
