"source_id","province_vi","name_vi","developer","address","source_url","source_date","retrieved_on"
"1","Bắc Giang","Song Khê- Nội Hoàng","1. Công ty Cổ phần Đầu tư Kinh doanh Nhà Hoàng Hải 2. Công ty cổ phần công nghiệp Tàu Thủy Bắc Giang","xã Song Khê, thành phố Bắc Giang","https://vea.mae.gov.vn/khu-cong-nghiep/5867/danh-sach-cac-khu-cong-nghiep","2023-02-24","2026-09-10"
"2","Bắc Giang","Vân Trung","Công ty TNHH Fugiang","xã Vân Trung, huyện Việt Yên, tỉnh Bắc Giang","https://vea.mae.gov.vn/khu-cong-nghiep/5867/danh-sach-cac-khu-cong-nghiep","2023-02-24","2026-09-10"
"3","Bắc Giang","Quang Châu","Tổng Công ty phát triển đô thị Kinh Bắc","xã Quang Châu, huyện Việt Yên, tỉnh Bắc Giang","https://vea.mae.gov.vn/khu-cong-nghiep/5867/danh-sach-cac-khu-cong-nghiep","2023-02-24","2026-09-10"
"4","Bắc Giang","Đình Trám","Công ty Phát triển hạ tầng KCN tỉnh Bắc Giang","xã Hoàng Ninh, huyện Việt Yên, tỉnh Bắc Giang","https://vea.mae.gov.vn/khu-cong-nghiep/5867/danh-sach-cac-khu-cong-nghiep","2023-02-24","2026-09-10"
"5","Bắc Kạn","Thanh Bình (giai đoạn 1)","Công ty Phát triển hạ tầng KCN Bắc Kạn","xã Thanh Bình, huyện Chợ Mới, tỉnh Bắc Kạn","https://vea.mae.gov.vn/khu-cong-nghiep/5867/danh-sach-cac-khu-cong-nghiep","2023-02-24","2026-09-10"
"6","Hà Giang","Bình Vàng","Công ty PTHT KCN Hà Giang","xã Đạo Đức, huyện Vị Xuyên, tỉnh Hà Giang","https://vea.mae.gov.vn/khu-cong-nghiep/5867/danh-sach-cac-khu-cong-nghiep","2023-02-24","2026-09-10"
"7","Hoà Bình","Nam Lương Sơn","Công ty CP BĐS An Thịnh Hoà Bình","xã Trung Sơn, huyện Lương Sơn, tỉnh Hòa Bình","https://vea.mae.gov.vn/khu-cong-nghiep/5867/danh-sach-cac-khu-cong-nghiep","2023-02-24","2026-09-10"
"8","Hoà Bình","Mông Hóa","Trung tâm Phát triển hạ tầng và dịch vụ khu công nghiệp - Ban Quản lý các khu công nghiệp tỉnh Hoà Bình","xã Mông Hóa, huyện Kỳ Sơn,tỉnh Hòa Bình","https://vea.mae.gov.vn/khu-cong-nghiep/5867/danh-sach-cac-khu-cong-nghiep","2023-02-24","2026-09-10"
"9","Hoà Bình","Lương Sơn","Công ty cổ phần bất động sản An Thịnh Hoà Bình","xã Hoà Sơn, huyện Lương Sơn, tỉnh Hòa Bình","https://vea.mae.gov.vn/khu-cong-nghiep/5867/danh-sach-cac-khu-cong-nghiep","2023-02-24","2026-09-10"
"10","Hoà Bình","Bờ trái Sông Đà","Công ty CP Sông Đà-Thăng Long tại Hoà Bình","phường Hữu Nghị, thành phố Hoà Bình, tỉnh Hoà Bình","https://vea.mae.gov.vn/khu-cong-nghiep/5867/danh-sach-cac-khu-cong-nghiep","2023-02-24","2026-09-10"
"11","Phú Thọ","Trung Hà","Ban quản lý các khu công nghiệp tỉnh Phú Thọ","xã Hồng Đà, huyện Tam Nông, tỉnh Phú Thọ","https://vea.mae.gov.vn/khu-cong-nghiep/5867/danh-sach-cac-khu-cong-nghiep","2023-02-24","2026-09-10"
"12","Phú Thọ","Thụy Vân","Tổng công ty xây dựng Sông Hồng","Xã thụy Vân, Tp Việt Trì, tỉnh Phú Thọ","https://vea.mae.gov.vn/khu-cong-nghiep/5867/danh-sach-cac-khu-cong-nghiep","2023-02-24","2026-09-10"
"13","Thái Nguyên","Yên Bình","Công ty Cổ phần Đầu tư và Phát triển Yên Bình","Xã Đồng Tiến, thị xã Phổ Yên,","https://vea.mae.gov.vn/khu-cong-nghiep/5867/danh-sach-cac-khu-cong-nghiep","2023-02-24","2026-09-10"
"14","Thái Nguyên","Điềm Thụy 180ha","Trung tâm phát triển hạ tầng KCN thuộc BQL KCN","Xã Điềm Thụy, huyện Phú Bình","https://vea.mae.gov.vn/khu-cong-nghiep/5867/danh-sach-cac-khu-cong-nghiep","2023-02-24","2026-09-10"
"15","Thái Nguyên","Điềm Thụy 170ha","Công ty Cổ phần Đầu tư APEC Thái Nguyên","Xã Điềm Thụy, huyện Phú Bình","https://vea.mae.gov.vn/khu-cong-nghiep/5867/danh-sach-cac-khu-cong-nghiep","2023-02-24","2026-09-10"
"16","Thái Nguyên","Sông Công 1","Công ty Phát triển Hạ tầng KCN Thái Nguyên","phường Bách Quang, thành phố Sông Công","https://vea.mae.gov.vn/khu-cong-nghiep/5867/danh-sach-cac-khu-cong-nghiep","2023-02-24","2026-09-10"
"17","Thái Nguyên","Nam Phổ Yên","Công ty TNHH MTV Ô tô Xuân Kiên Vinaxuki","xã Trung Thành, xã Thuận Thành, huyện Phổ Yên, tỉnh Thái Nguyên","https://vea.mae.gov.vn/khu-cong-nghiep/5867/danh-sach-cac-khu-cong-nghiep","2023-02-24","2026-09-10"
"18","Tuyên Quang","Long Bình An","Ban quản lý các KCN tỉnhTuyên Quang","Xã Đội Cấn, tp Tuyên Quang, tỉnh Tuyên Quang","https://vea.mae.gov.vn/khu-cong-nghiep/5867/danh-sach-cac-khu-cong-nghiep","2023-02-24","2026-09-10"
"19","Yên Bái","Phía Nam Yên Bái","Ban quản lí các KCN tỉnh Yên Bái","xã Văn Tiến, thành phố Yên Bái","https://vea.mae.gov.vn/khu-cong-nghiep/5867/danh-sach-cac-khu-cong-nghiep","2023-02-24","2026-09-10"
"20","Yên Bái","Âu Lâu","Ban quản lí các KCN tỉnh Yên Bái","xã Âu Lâu , thành phố Yên Bái","https://vea.mae.gov.vn/khu-cong-nghiep/5867/danh-sach-cac-khu-cong-nghiep","2023-02-24","2026-09-10"
"21","Yên Bái","Minh Quân","Ban quản lí các KCN tỉnh Yên Bái","xã Minh Quân, huyện Trấn Yên, tỉnh Yên Bái","https://vea.mae.gov.vn/khu-cong-nghiep/5867/danh-sach-cac-khu-cong-nghiep","2023-02-24","2026-09-10"
"22","Lào Cai","Đông Phố Mới","Sở Xây dựng tỉnh Lào Cai","thành phố Lào Cai","https://vea.mae.gov.vn/khu-cong-nghiep/5867/danh-sach-cac-khu-cong-nghiep","2023-02-24","2026-09-10"
"23","Lào Cai","Tằng loỏng","Ban Quản lý các khu công nghiệp tỉnh Lào Cai","huyện Bảo Thắng, tỉnh Lào Cai","https://vea.mae.gov.vn/khu-cong-nghiep/5867/danh-sach-cac-khu-cong-nghiep","2023-02-24","2026-09-10"
"24","Lai Châu","Mường So","Ban Quản lý KCN tỉnh Lai Châu","xã Mường So, huyện Phong Thổ, tỉnh Lai Châu","https://vea.mae.gov.vn/khu-cong-nghiep/5867/danh-sach-cac-khu-cong-nghiep","2023-02-24","2026-09-10"
"25","Bắc Ninh","Hanaka","Tập đoàn Hanaka","thị xã Từ Sơn, tỉnh Bắc Ninh","https://vea.mae.gov.vn/khu-cong-nghiep/5867/danh-sach-cac-khu-cong-nghiep","2023-02-24","2026-09-10"
"26","Bắc Ninh","KCN Thuận Thành 3 phân khu B","Công ty TNHH Khai Sơn","huyện Thuận Thành, tỉnh Bắc Ninh","https://vea.mae.gov.vn/khu-cong-nghiep/5867/danh-sach-cac-khu-cong-nghiep","2023-02-24","2026-09-10"
"27","Bắc Ninh","Đại Đồng - Hoàn Sơn","Công ty cổ phần công nghệ viễn thông Sài Gòn","Tiên Du-Từ Sơn, tỉnh Bắc Ninh","https://vea.mae.gov.vn/khu-cong-nghiep/5867/danh-sach-cac-khu-cong-nghiep","2023-02-24","2026-09-10"
"28","Bắc Ninh","Tiên Sơn ( GĐ 1 & mở rộng )","Tổng Công ty Thuỷ tinh và Gốm xây dựng Viglacera","Tiên Du-Từ Sơn, tỉnh Bắc Ninh","https://vea.mae.gov.vn/khu-cong-nghiep/5867/danh-sach-cac-khu-cong-nghiep","2023-02-24","2026-09-10"
"29","Bắc Ninh","KCN- đô thị Vsip","Công ty TNHH VSIP Bắc Ninh (Vsip Bắc Ninh)","thị xã Từ Sơn, tỉnh Bắc Ninh","https://vea.mae.gov.vn/khu-cong-nghiep/5867/danh-sach-cac-khu-cong-nghiep","2023-02-24","2026-09-10"
"30","Bắc Ninh","Yên Phong 1","Tổng Công ty Viglacera","huyện Yên Phong, tỉnh Bắc Ninh","https://vea.mae.gov.vn/khu-cong-nghiep/5867/danh-sach-cac-khu-cong-nghiep","2023-02-24","2026-09-10"
"31","Bắc Ninh","Quế Võ 2","Công ty cổ phần Đầu tư phát triển đô thị và Khu công nghiệp (IDICO)","huyện Quế Võ, tỉnh Bắc Ninh","https://vea.mae.gov.vn/khu-cong-nghiep/5867/danh-sach-cac-khu-cong-nghiep","2023-02-24","2026-09-10"
"32","Bắc Ninh","Quế Võ","Tổng công ty phát triển đô thị Kinh Bắc CTCP","huyện Quế Võ, tỉnh Bắc Ninh","https://vea.mae.gov.vn/khu-cong-nghiep/5867/danh-sach-cac-khu-cong-nghiep","2023-02-24","2026-09-10"
"33","Hà Nam","Hoà Mạc","Công ty TNHH Quản lý Khai thác KCN Hoà Mạc","huyện Duy Tiên, tỉnh Hà Nam","https://vea.mae.gov.vn/khu-cong-nghiep/5867/danh-sach-cac-khu-cong-nghiep","2023-02-24","2026-09-10"
"34","Hà Nam","Đồng Văn 2","Tập đoàn đầu tư và phát triển Việt Nam Công ty Cổ phần Phát triển Hà Nam","huyện Duy Tiên, tỉnh Hà Nam","https://vea.mae.gov.vn/khu-cong-nghiep/5867/danh-sach-cac-khu-cong-nghiep","2023-02-24","2026-09-10"
"35","Hà Nam","Châu Sơn ( gđ 1 )","Chi nhánh Công ty cổ phần Phát triển hạ tầng Vĩnh Phúc","thành phố Phủ Lý, tỉnh Hà Nam","https://vea.mae.gov.vn/khu-cong-nghiep/5867/danh-sach-cac-khu-cong-nghiep","2023-02-24","2026-09-10"
"36","Hà Nam","Đồng Văn 1","Công ty Phát triển hạ tầng các KCN tỉnh Hà Nam","Dhuyện Duy Tiên, tỉnh Hà Nam","https://vea.mae.gov.vn/khu-cong-nghiep/5867/danh-sach-cac-khu-cong-nghiep","2023-02-24","2026-09-10"
"37","Hà Nội","Quang Minh","Công ty TNHH Đầu tư và Phát triển hạ tầng Nam Đức","xã Quang Minh, huyện Mê Linh, Hà Nội","https://vea.mae.gov.vn/khu-cong-nghiep/5867/danh-sach-cac-khu-cong-nghiep","2023-02-24","2026-09-10"
"38","Hà Nội","Hà Nội-Đài Tư","Công ty XD & KD CSHT Khu công nghiệp Hà Nội - Đài Tư","quận Long Biên, Hà Nội","https://vea.mae.gov.vn/khu-cong-nghiep/5867/danh-sach-cac-khu-cong-nghiep","2023-02-24","2026-09-10"
"39","Hà Nội","Thạch Thất-Quốc Oai","Công ty cổ phần Đầu tư Phát triển Hà Tây","thị trấn Quốc Oai, Hà Nội","https://vea.mae.gov.vn/khu-cong-nghiep/5867/danh-sach-cac-khu-cong-nghiep","2023-02-24","2026-09-10"
"40","Hà Nội","Sài Đồng B","Công ty TNHH một thành viên Hanel","huyện Gia Lâm, Hà Nội","https://vea.mae.gov.vn/khu-cong-nghiep/5867/danh-sach-cac-khu-cong-nghiep","2023-02-24","2026-09-10"
"41","Hà Nội","Nội Bài","Công ty Xây dựng Công nghiệp Hà Nội và Công ty Renong-Malaysia","huyện Sóc Sơn, Hà Nội","https://vea.mae.gov.vn/khu-cong-nghiep/5867/danh-sach-cac-khu-cong-nghiep","2023-02-24","2026-09-10"
"42","Hà Nội","Phú Nghĩa","Tập đoàn Phú Mỹ","huyện Chương Mỹ, Hà Nội","https://vea.mae.gov.vn/khu-cong-nghiep/5867/danh-sach-cac-khu-cong-nghiep","2023-02-24","2026-09-10"
"43","Hà Nội","Khu công viên công nghệ thông tin công ty Him Lam","Công ty cổ phần Him Lam","quận Long Biên, Hà Nội","https://vea.mae.gov.vn/khu-cong-nghiep/5867/danh-sach-cac-khu-cong-nghiep","2023-02-24","2026-09-10"
"44","Hà Nội","Nam Thăng Long","CTy CP Phát triển Hạ tầng - Hiệp hội Công nghiệp Hà Nội","quận Bắc Từ Liêm, Hà Nội","https://vea.mae.gov.vn/khu-cong-nghiep/5867/danh-sach-cac-khu-cong-nghiep","2023-02-24","2026-09-10"
"45","Hà Nội","KCN Bắc Thăng Long","Liên doanh Công ty Sumitomo Corp","huyện Đông Anh, Hà Nội","https://vea.mae.gov.vn/khu-cong-nghiep/5867/danh-sach-cac-khu-cong-nghiep","2023-02-24","2026-09-10"
"46","Hà Nội","KCNC Hòa Lạc","Ban quản lý KCNC","Km 29, Đại lộ Thăng Long, huyện Thạch Thất, Hà Nội","https://vea.mae.gov.vn/khu-cong-nghiep/5867/danh-sach-cac-khu-cong-nghiep","2023-02-24","2026-09-10"
"47","Hải Dương","Lai Cách","Công ty TNHH Đại Dương","huyện Cẩm Giàng, tỉnh Hải Dương","https://vea.mae.gov.vn/khu-cong-nghiep/5867/danh-sach-cac-khu-cong-nghiep","2023-02-24","2026-09-10"
"48","Hải Dương","Lai Vu","Công ty TNHH Một thành viên Công nghiệp Tàu thủy Lai Vu","huyện Kim Thành, tỉnh Hải Dương","https://vea.mae.gov.vn/khu-cong-nghiep/5867/danh-sach-cac-khu-cong-nghiep","2023-02-24","2026-09-10"
"49","Hải Dương","Tân Trường","Công ty cổ phần Đầu tư và Phát triển hạ tầng Nam Quang","xã Tân Trường, huyện Cẩm Giàng, tỉnh Hải Dương","https://vea.mae.gov.vn/khu-cong-nghiep/5867/danh-sach-cac-khu-cong-nghiep","2023-02-24","2026-09-10"
"50","Hải Dương","Phúc Điền","Công ty cổ phần Đầu tư và Phát triển hạ tầng Nam Quang","huyện Cẩm Giàng, tỉnh Hải Dương","https://vea.mae.gov.vn/khu-cong-nghiep/5867/danh-sach-cac-khu-cong-nghiep","2023-02-24","2026-09-10"
"51","Hải Dương","Đại An","Công Ty Cổ Phần Đại An","thành phố Hải Dương","https://vea.mae.gov.vn/khu-cong-nghiep/5867/danh-sach-cac-khu-cong-nghiep","2023-02-24","2026-09-10"
"52","Hải Dương","Đại An mở rộng","Công ty TNHH một thành viên Đầu tư phát triển hạ tầng khu công nghiệp Đại An","thành phố Hải Dương","https://vea.mae.gov.vn/khu-cong-nghiep/5867/danh-sach-cac-khu-cong-nghiep","2023-02-24","2026-09-10"
"53","Hải Dương","Nam Sách","Công ty cổ phần Đầu tư và Phát triển hạ tầng Nam Quang","Thành phố Hải Dương","https://vea.mae.gov.vn/khu-cong-nghiep/5867/danh-sach-cac-khu-cong-nghiep","2023-02-24","2026-09-10"
"54","Hải Dương","Phú Thái","Công Ty Cổ Phần Đại An","huyện Kim Thành, tỉnh Hải Dương","https://vea.mae.gov.vn/khu-cong-nghiep/5867/danh-sach-cac-khu-cong-nghiep","2023-02-24","2026-09-10"
"55","Hải Phòng","Nam Cầu Kiền","Công ty Cổ phần Shinec","xã Kiền Bái, huyện Thủy Nguyên, Hải Phòng","https://vea.mae.gov.vn/khu-cong-nghiep/5867/danh-sach-cac-khu-cong-nghiep","2023-02-24","2026-09-10"
"56","Hải Phòng","Minh Phương Đình Vũ (trong KKT Đình Vũ-Cát Hải)","Công ty CP Đầu tư BĐS Minh Phương","Khu Kinh tế Đình Vũ-Cát Hải, phường Đông Hải 2, quận Hải An, thành phố Hải Phòng","https://vea.mae.gov.vn/khu-cong-nghiep/5867/danh-sach-cac-khu-cong-nghiep","2023-02-24","2026-09-10"
"57","Hải Phòng","Đình Vũ (trong KKT Đình Vũ-Cát Hải)","Công ty Cổ phần KCN Đình Vũ","quận Hải An, thành phố Hải Phòng","https://vea.mae.gov.vn/khu-cong-nghiep/5867/danh-sach-cac-khu-cong-nghiep","2023-02-24","2026-09-10"
"58","Hải Phòng","Đồ Sơn","- Công ty Liên doanh KCN Đồ Sơn Hải Phòng; - Công ty xây dựng và phát triển cơ sở hạ tầng Hải Phòng, - Công ty Asia Glorious Development Limited ( Hồng Kông)","phường Ngọc Xuyên, quận Đồ Sơn, Hải Phòng.","https://vea.mae.gov.vn/khu-cong-nghiep/5867/danh-sach-cac-khu-cong-nghiep","2023-02-24","2026-09-10"
"59","Hải Phòng","Tràng Duệ (trong KKT Đình Vũ-Cát Hải)","Công ty Cổ phần KCN Sài Gòn- Hải Phòng","xã Lê Lợi, huyện An Dương, thành phố Hải Phòng","https://vea.mae.gov.vn/khu-cong-nghiep/5867/danh-sach-cac-khu-cong-nghiep","2023-02-24","2026-09-10"
"60","Hải Phòng","VSIP Hải Phòng (trong KKT Đình Vũ- Cát Hải)","Công ty TNHH VSIP Hải Phòng, VSIP Group","huyện Thủy Nguyên, thành phố Hải Phòng","https://vea.mae.gov.vn/khu-cong-nghiep/5867/danh-sach-cac-khu-cong-nghiep","2023-02-24","2026-09-10"
"61","Hải Phòng","Nomura","Công ty phát triển Khu công nghiệp Nomura - Hải Phòng","huyện An Dương, thành phố Hải Phòng","https://vea.mae.gov.vn/khu-cong-nghiep/5867/danh-sach-cac-khu-cong-nghiep","2023-02-24","2026-09-10"
"62","Hưng Yên","Minh Đức","Công ty Cổ phần đầu tư phát triển hạ tầng VNT","thuộc các xã: Minh Đức, Bạch Sam, Ngọc Lâm, huyện Mỹ Hào, tỉnh Hưng Yên","https://vea.mae.gov.vn/khu-cong-nghiep/5867/danh-sach-cac-khu-cong-nghiep","2023-02-24","2026-09-10"
"63","Hưng Yên","Dệt may Phố Nối","Công ty CP Phát triển hạ tầng Dệt may Phố Nối B","thuộc các xã: Nghĩa Hiệp, Liêu Xá (huyện Yên Mỹ) và xã Dị Sử (huyện Mỹ Hào), tỉnh Hưng Yên","https://vea.mae.gov.vn/khu-cong-nghiep/5867/danh-sach-cac-khu-cong-nghiep","2023-02-24","2026-09-10"
"64","Hưng Yên","Phố Nối A","Công ty Quản lý khai thác KCN Phố Nối A","thuộc các xã: Lạc Đạo, Chỉ Đạo, Minh Hải và Đình Dù, huyện Văn Lâm, tỉnh Hưng Yên","https://vea.mae.gov.vn/khu-cong-nghiep/5867/danh-sach-cac-khu-cong-nghiep","2023-02-24","2026-09-10"
"65","Hưng Yên","Thăng Long II","Công ty TNHH KCN Thăng Long II","thuộc các xã Liêu Xá (huyện Yên Mỹ) và xã Dị Sử, Phùng Chí Kiên huyện (Mỹ Hào), tỉnh Hưng Yên","https://vea.mae.gov.vn/khu-cong-nghiep/5867/danh-sach-cac-khu-cong-nghiep","2023-02-24","2026-09-10"
"66","Nam Định","Bảo Minh","Công ty cổ phẩn Đầu tư Vinatex","huyện Vụ Bản, tỉnh Nam Định","https://vea.mae.gov.vn/khu-cong-nghiep/5867/danh-sach-cac-khu-cong-nghiep","2023-02-24","2026-09-10"
"67","Nam Định","Mỹ Trung","Công ty cổ phần Quản lý IP Nhật Việt","xã Mỹ Trung (huyện Mỹ Lộc) và phường Lộc Hạ (thành phố Nam Định)","https://vea.mae.gov.vn/khu-cong-nghiep/5867/danh-sach-cac-khu-cong-nghiep","2023-02-24","2026-09-10"
"68","Nam Định","Hoà Xá","Công ty đầu tư và phát triển hạ tầng KCN Hoà Xá","thuộc: xã Lộc Hòa và xã Mỹ Xá (thành phố Nam Định), tỉnh Nam Định.","https://vea.mae.gov.vn/khu-cong-nghiep/5867/danh-sach-cac-khu-cong-nghiep","2023-02-24","2026-09-10"
"69","Ninh Bình","Phúc Sơn","Công ty CP Đầu tư xây dựng Bạch Đằng TMC - Tổng Công ty Xây dựng Bạch Đằng","Thành phố Ninh Bình - tỉnh Ninh Bình","https://vea.mae.gov.vn/khu-cong-nghiep/5867/danh-sach-cac-khu-cong-nghiep","2023-02-24","2026-09-10"
"70","Ninh Bình","Tam Điệp (Giai đoạn 1)","Công ty Phát triển hạ tầng khu công nghiệp Thành Phố Tam Điệp - tỉnh Ninh Bình","","https://vea.mae.gov.vn/khu-cong-nghiep/5867/danh-sach-cac-khu-cong-nghiep","2023-02-24","2026-09-10"
"71","Ninh Bình","Tam Điệp 2","Công ty CP tập đoàn Phúc Lộc","Thành Phố Tam Điệp - tỉnh Ninh Bình","https://vea.mae.gov.vn/khu-cong-nghiep/5867/danh-sach-cac-khu-cong-nghiep","2023-02-24","2026-09-10"
"72","Ninh Bình","Khánh Phú","Công ty phát triển hạ tầng KCN Ninh Bình","Huyện Yên Khánh, Thành phố Ninh Bình - Tỉnh Ninh Bình","https://vea.mae.gov.vn/khu-cong-nghiep/5867/danh-sach-cac-khu-cong-nghiep","2023-02-24","2026-09-10"
"73","Ninh Bình","Gián Khẩu","Công ty phát triển hạ tầng KCN","Huyện Gia Viễn - tỉnh Ninh Bình","https://vea.mae.gov.vn/khu-cong-nghiep/5867/danh-sach-cac-khu-cong-nghiep","2023-02-24","2026-09-10"
"74","Quảng Ninh","Đông Mai","Công ty Vega Balls Việt Nam","Phường Đông Mai, thị xã Quảng Yên","https://vea.mae.gov.vn/khu-cong-nghiep/5867/danh-sach-cac-khu-cong-nghiep","2023-02-24","2026-09-10"
"75","Quảng Ninh","Hải Yên","Tổng công ty Thủy tinh và Gốm xây dựng Viglacera","Phường Hải Yên, thành phố Móng Cái","https://vea.mae.gov.vn/khu-cong-nghiep/5867/danh-sach-cac-khu-cong-nghiep","2023-02-24","2026-09-10"
"76","Quảng Ninh","Việt Hưng","Công ty CP phát triển KCN Việt Hưng","Phường Việt Hưng, TP. Hạ Long","https://vea.mae.gov.vn/khu-cong-nghiep/5867/danh-sach-cac-khu-cong-nghiep","2023-02-24","2026-09-10"
"77","Quảng Ninh","Cái Lân","Công ty Xi măng và Xây dựng Quảng Ninh","Phường Bãi Cháy, Giếng Đáy, TP. Hạ Long","https://vea.mae.gov.vn/khu-cong-nghiep/5867/danh-sach-cac-khu-cong-nghiep","2023-02-24","2026-09-10"
"78","Quảng Ninh","Texhong Hải Hà","Công ty TNHH KCN Texhong Hải Hà Việt Nam","Huyện Hải Hà, Quảng Ninh","https://vea.mae.gov.vn/khu-cong-nghiep/5867/danh-sach-cac-khu-cong-nghiep","2023-02-24","2026-09-10"
"79","Thái Bình","Cầu Nghìn","Côn ty TNHH MTV phát triển đô thị và KCN Cầu Nghìn","huyện Quỳnh Phụ","https://vea.mae.gov.vn/khu-cong-nghiep/5867/danh-sach-cac-khu-cong-nghiep","2023-02-24","2026-09-10"
"80","Thái Bình","Gia Lễ","Công ty Cổ phần hữu hạn Phát triển Khu công nghiệp Đài Tín","Huyện Đông Hưng","https://vea.mae.gov.vn/khu-cong-nghiep/5867/danh-sach-cac-khu-cong-nghiep","2023-02-24","2026-09-10"
"81","Thái Bình","Phúc Khánh","Công ty Cổ phần hữu hạn Phát triển Khu công nghiệp Đài Tín","Thành phố Thái Bình","https://vea.mae.gov.vn/khu-cong-nghiep/5867/danh-sach-cac-khu-cong-nghiep","2023-02-24","2026-09-10"
"82","Thái Bình","Nguyễn Đức Cảnh","Trung tâm phát triển hạ tầng KCN thuộc BQL KCN","thành phố Thái Bình","https://vea.mae.gov.vn/khu-cong-nghiep/5867/danh-sach-cac-khu-cong-nghiep","2023-02-24","2026-09-10"
"83","Thái Bình","Tiền Hải (chưa thành lập)","tạm thời giao cho TT Dịch vụ Quản lý môi trường","huyện Tiền Hải, tỉnh Thái Bình","https://vea.mae.gov.vn/khu-cong-nghiep/5867/danh-sach-cac-khu-cong-nghiep","2023-02-24","2026-09-10"
"84","Thái Bình","Sông Trà","Công ty Cổ phần Khu công nghiệp TBS Sông Trà","thành phố Thái Bình","https://vea.mae.gov.vn/khu-cong-nghiep/5867/danh-sach-cac-khu-cong-nghiep","2023-02-24","2026-09-10"
"85","Vĩnh Phúc","Kim Hoa gđ1","Tổng công ty phát triển đô thị và Khu công nghiệp (IDICO)","thị xã Phúc Yên, tỉnh Vĩnh Phúc","https://vea.mae.gov.vn/khu-cong-nghiep/5867/danh-sach-cac-khu-cong-nghiep","2023-02-24","2026-09-10"
"86","Vĩnh Phúc","Bá Thiện","Công ty TNHH quản lý và phát triển hạ tầng COmpal(vn)","Xã Thiện Kế, Bá Hiến huyện Bình Xuyên, tỉnh Vĩnh Phúc, Việt Nam","https://vea.mae.gov.vn/khu-cong-nghiep/5867/danh-sach-cac-khu-cong-nghiep","2023-02-24","2026-09-10"
"87","Vĩnh Phúc","Bình Xuyên","Công ty TNHH Đầu tư xây dựng An Thịnh Vĩnh Phúc","Thị trấn Hương Canh và xã Đạo Đức, huyện Bình Xuyên, tỉnh Vĩnh Phúc","https://vea.mae.gov.vn/khu-cong-nghiep/5867/danh-sach-cac-khu-cong-nghiep","2023-02-24","2026-09-10"
"88","Vĩnh Phúc","Bá Thiện 2","Công ty TNHH VINA – CPK","Xã Thiện Kế, huyện Bình Xuyên, tỉnh Vĩnh Phúc","https://vea.mae.gov.vn/khu-cong-nghiep/5867/danh-sach-cac-khu-cong-nghiep","2023-02-24","2026-09-10"
"89","Vĩnh Phúc","Bình Xuyên 2","Công ty TNHH FU CHUAN","Xã Bá Hiến, Huyện Bình Xuyên, Tỉnh Vĩnh Phúc","https://vea.mae.gov.vn/khu-cong-nghiep/5867/danh-sach-cac-khu-cong-nghiep","2023-02-24","2026-09-10"
"90","Vĩnh Phúc","Khai Quang","Công ty Cổ phần phát triển hạ tầng Vĩnh Phúc","Phường Khai Quang, tp Vĩnh Yên tỉnh Vĩnh Phúc","https://vea.mae.gov.vn/khu-cong-nghiep/5867/danh-sach-cac-khu-cong-nghiep","2023-02-24","2026-09-10"
"91","Đà Nẵng","KCN Hoà Cầm","Công ty CP đầu tư KCN Hoà Cầm","Công ty CP đầu tư KCN Hoà Cầm","https://vea.mae.gov.vn/khu-cong-nghiep/5867/danh-sach-cac-khu-cong-nghiep","2023-02-24","2026-09-10"
"92","Đà Nẵng","KCN Liên Chiểu","Công ty CP đầu tư Sài Gòn - Đà Nẵng","Công ty CP đầu tư Sài Gòn - Đà Nẵng","https://vea.mae.gov.vn/khu-cong-nghiep/5867/danh-sach-cac-khu-cong-nghiep","2023-02-24","2026-09-10"
"93","Đà Nẵng","KCN Hoà Khánh","Công ty Phát triên và Khai thác hạ tầng KCN Đà Nẵng","Công ty Phát triển và Khai thác Hạ tầng KCN Đà Nẵng (Daizico)","https://vea.mae.gov.vn/khu-cong-nghiep/5867/danh-sach-cac-khu-cong-nghiep","2023-02-24","2026-09-10"
"94","Đà Nẵng","KCN Hoà Khánh mở rộng","Công ty CP đầu tư Sài Gòn - Đà Nẵng","Công ty CP đầu tư Sài Gòn - Đà Nẵng","https://vea.mae.gov.vn/khu-cong-nghiep/5867/danh-sach-cac-khu-cong-nghiep","2023-02-24","2026-09-10"
"95","Đà Nẵng","KCN Dịch Vụ Thủy Sản Đà Nẵng","Công ty Phát triên và Khai thác hạ tầng KCN Đà Nẵng","Công ty Phát triển và Khai thác Hạ tầng KCN Đà Nẵng (Daizico)","https://vea.mae.gov.vn/khu-cong-nghiep/5867/danh-sach-cac-khu-cong-nghiep","2023-02-24","2026-09-10"
"96","Đà Nẵng","KCN Đà Nẵng","Công ty Liên doanh MASSDA","phường An Hải Bắc, quận Sơn Trà, thành phố Đà Nẵng","https://vea.mae.gov.vn/khu-cong-nghiep/5867/danh-sach-cac-khu-cong-nghiep","2023-02-24","2026-09-10"
"97","Đà Nẵng","Khu công nghệ cao Đà Nẵng gđ 1","","thuộc 2 xã: Hòa Liên, Hòa Ninh thuộc huyện Hòa Vang, thành phố Đà Nẵng","https://vea.mae.gov.vn/khu-cong-nghiep/5867/danh-sach-cac-khu-cong-nghiep","2023-02-24","2026-09-10"
"98","Bình Định","Nhơn Hội B (trong KKT Nhơn Hội)","Công ty TNHH Một thành viên Hong Yeung Việt Nam","thành phố Qui Nhơn, tỉnh Bình Định","https://vea.mae.gov.vn/khu-cong-nghiep/5867/danh-sach-cac-khu-cong-nghiep","2023-02-24","2026-09-10"
"99","Bình Định","Nhơn Hội A (trong KKT Nhơn Hội)","Công ty Cổ phần Khu công nghiệp Sài Gòn – Nhơn Hội","xã Nhơn Hội, thành phố Quy Nhơn, tỉnh Bình Định","https://vea.mae.gov.vn/khu-cong-nghiep/5867/danh-sach-cac-khu-cong-nghiep","2023-02-24","2026-09-10"
"100","Bình Định","Long Mỹ","Công ty Phát triển hạ tầng các KCN Bình Định","Số 338 Lạc Long Quân, phường Trần Quang Diệu, tp Quy Nhơn","https://vea.mae.gov.vn/khu-cong-nghiep/5867/danh-sach-cac-khu-cong-nghiep","2023-02-24","2026-09-10"
"101","Bình Định","Phú Tài","Công ty CP đầu tư và xây dựng Bình Định","Số 338 Lạc Long Quân, phường Trần Quang Diệu, tp Quy Nhơn","https://vea.mae.gov.vn/khu-cong-nghiep/5867/danh-sach-cac-khu-cong-nghiep","2023-02-24","2026-09-10"
"102","Bình Định","Nhơn Hoà","Công ty Cổ phần dầu tư hạ tầng KCN Nhơn Hoà","phường Nhơn Hoà, thị xã An Nhơn","https://vea.mae.gov.vn/khu-cong-nghiep/5867/danh-sach-cac-khu-cong-nghiep","2023-02-24","2026-09-10"
"103","Bình Thuận","Hàm Kiệm II","Công ty CP đầu tư Bình Tân","xã Hàm Kiệm, huyện Hàm Thuận Nam","https://vea.mae.gov.vn/khu-cong-nghiep/5867/danh-sach-cac-khu-cong-nghiep","2023-02-24","2026-09-10"
"104","Bình Thuận","Hàm Kiệm I","Công ty Cổ phần Thương mại Dịch vụ Địa ốc Hoàng Quân Bình Thuận","xã Hàm Mỹ, xã Hàm Kiệm, huyện Hàm Thuận Nam","https://vea.mae.gov.vn/khu-cong-nghiep/5867/danh-sach-cac-khu-cong-nghiep","2023-02-24","2026-09-10"
"105","Bình Thuận","Phan Thiết 2","Công ty Thép Trung Nguyên","xã Phong Nẫm, tp Phan Thiết và xã Hàm Liêm, huyện Hàm Thuận Bắc","https://vea.mae.gov.vn/khu-cong-nghiep/5867/danh-sach-cac-khu-cong-nghiep","2023-02-24","2026-09-10"
"106","Bình Thuận","Phan Thiết 1","Công ty Cổ phần VLXV & KS Bình Thuận.","xã Phong Nẫm, tp Phan Thiết và xã Hàm Liêm, huyện Hàm Thuận Bắc","https://vea.mae.gov.vn/khu-cong-nghiep/5867/danh-sach-cac-khu-cong-nghiep","2023-02-24","2026-09-10"
"107","Khánh Hoà","Ninh Thủy (trong KKT Vân Phong)","Công ty TNHH Hoàn Cầu Vân Phong","phường Ninh Thủy, thị xã Ninh Hòa, tỉnh Khánh Hòa","https://vea.mae.gov.vn/khu-cong-nghiep/5867/danh-sach-cac-khu-cong-nghiep","2023-02-24","2026-09-10"
"108","Khánh Hoà","Suối Dầu","Công ty Cổ phần Khu công nghiệp Suối Dầu","KCN suối Dầu, xã Suối Tân, huyện Cam Lâm, tỉnh Khánh Hoà","https://vea.mae.gov.vn/khu-cong-nghiep/5867/danh-sach-cac-khu-cong-nghiep","2023-02-24","2026-09-10"
"109","Nghệ An","Hoàng Mai 1 (trong KKT Đông Nam)","Công ty Cổ phần Đầu tư Dầu khí V.I.P Việt Nam","Thị xã Hoàng Mai, tỉnh Nghệ An","https://vea.mae.gov.vn/khu-cong-nghiep/5867/danh-sach-cac-khu-cong-nghiep","2023-02-24","2026-09-10"
"110","Nghệ An","Nam Cấm","Công ty phát triển Khu công nghiệp Nghệ An","Huyện Nghi Lộc, tỉnh Nghệ An","https://vea.mae.gov.vn/khu-cong-nghiep/5867/danh-sach-cac-khu-cong-nghiep","2023-02-24","2026-09-10"
"111","Nghệ An","Bắc Vinh","Công ty đầu tư phát triển Khu công nghiệp Bắc Vinh - Tổng công ty lắp máy Việt Nam (Lilama)","Thành phố Vinh, tỉnh Nghệ An","https://vea.mae.gov.vn/khu-cong-nghiep/5867/danh-sach-cac-khu-cong-nghiep","2023-02-24","2026-09-10"
"112","Ninh Thuận","Thành Hải (từ CCN Thành Hải)","Ban Quản lý dự án đầu tư xây dựng công trình dân dụng và công nghiệp tỉnh Ninh Thuận.","xã Thành Hải, tp Phan Rang - Tháp Chàm","https://vea.mae.gov.vn/khu-cong-nghiep/5867/danh-sach-cac-khu-cong-nghiep","2023-02-24","2026-09-10"
"113","Ninh Thuận","Phước Nam","Công ty CP Đầu tư Phước Nam-Ninh Thuận","xã Phước Nam, huyện Thuận nam","https://vea.mae.gov.vn/khu-cong-nghiep/5867/danh-sach-cac-khu-cong-nghiep","2023-02-24","2026-09-10"
"114","Phú Yên","An Phú","Trung tâm Dịch vụ công ích là đơn vị sự nghiệp trực thuộc Ban Quản lý Khu kinh tế Phú Yên","Tp. Tuy Hoà, Phú Yên","https://vea.mae.gov.vn/khu-cong-nghiep/5867/danh-sach-cac-khu-cong-nghiep","2023-02-24","2026-09-10"
"115","Phú Yên","Đông Bắc Sông Cầu","Trung tâm Dịch vụ công ích là đơn vị sự nghiệp trực thuộc Ban Quản lý Khu kinh tế Phú Yên","Thị xã Sông Cầu, Phú Yên","https://vea.mae.gov.vn/khu-cong-nghiep/5867/danh-sach-cac-khu-cong-nghiep","2023-02-24","2026-09-10"
"116","Phú Yên","Hoà Hiệp II (trong KKT Nam Phú Yên)","Trung tâm Dịch vụ công ích là đơn vị sự nghiệp trực thuộc Ban Quản lý Khu kinh tế Phú Yên","xã Hòa Hiệp, huyện Đông Hòa, tỉnh Phú Yên","https://vea.mae.gov.vn/khu-cong-nghiep/5867/danh-sach-cac-khu-cong-nghiep","2023-02-24","2026-09-10"
"117","Phú Yên","Hoà Hiệp I (trong KKT Nam Phú Yên)","Trung tâm Dịch vụ công ích là đơn vị sự nghiệp trực thuộc Ban Quản lý Khu kinh tế Phú Yên","huyện Đông Hoà, Phú Yên","https://vea.mae.gov.vn/khu-cong-nghiep/5867/danh-sach-cac-khu-cong-nghiep","2023-02-24","2026-09-10"
"118","Quảng Bình","Cảng biển Hòn La (trong KKT Hòn La)","Ban Quản lý Khu kinh tế tỉnh Quảng Bình","317 Lý Thường Kiệt, thành phố Đồng Hới, tỉnh Quảng Bình","https://vea.mae.gov.vn/khu-cong-nghiep/5867/danh-sach-cac-khu-cong-nghiep","2023-02-24","2026-09-10"
"119","Quảng Bình","Bắc Đồng Hới","Ban Quản lý Khu kinh tế tỉnh Quảng Bình Thuận Đức, Đồng Hới, Quảng Bình","","https://vea.mae.gov.vn/khu-cong-nghiep/5867/danh-sach-cac-khu-cong-nghiep","2023-02-24","2026-09-10"
"120","Quảng Bình","Tây Bắc Đồng Hới","Ban Quản lý đầu tư xây dựng khu KT-CN tỉnh Quảng Bình","Đồng Phú, Đồng Hới, Quảng Bình","https://vea.mae.gov.vn/khu-cong-nghiep/5867/danh-sach-cac-khu-cong-nghiep","2023-02-24","2026-09-10"
"121","Quảng Nam","Bắc Chu Lai (trong KKT Chu Lai)","Công ty Cizidco","Núi Thành, Quảng Nam","https://vea.mae.gov.vn/khu-cong-nghiep/5867/danh-sach-cac-khu-cong-nghiep","2023-02-24","2026-09-10"
"122","Quảng Nam","KCN Cơ khí Oto Chu Lai (thuộc KCN Bắc Chu Lai)","Công ty cổ phần ôtô Trường Hải","Tam Hiệp, Núi Thành, Quảng Nam","https://vea.mae.gov.vn/khu-cong-nghiep/5867/danh-sach-cac-khu-cong-nghiep","2023-02-24","2026-09-10"
"123","Quảng Nam","KCN Hậu Cần Tam Hiệp (trong KKT Chu Lai)","Công ty Đầu tư và Phát triển Kỳ Hà Chu Lai Quảng Nam","xã Tam Hiệp, huyện Núi Thành, tỉnh Quảng Nam","https://vea.mae.gov.vn/khu-cong-nghiep/5867/danh-sach-cac-khu-cong-nghiep","2023-02-24","2026-09-10"
"124","Quảng Nam","Thuận Yên","Công ty Vinaconex 25 bàn giao cho Trung tâm phát triển các Khu, CCN và thương mại dịch vụ thành phố Tam kỳ","phường Hoà Thuận, thành phố Tam Kỳ, tỉnh Quảng Nam","https://vea.mae.gov.vn/khu-cong-nghiep/5867/danh-sach-cac-khu-cong-nghiep","2023-02-24","2026-09-10"
"125","Quảng Nam","Đông Quế Sơn","Công ty cổ phần Prime Group","xã Hương An, huyện Quế Sơn, tỉnh Quảng Nam","https://vea.mae.gov.vn/khu-cong-nghiep/5867/danh-sach-cac-khu-cong-nghiep","2023-02-24","2026-09-10"
"126","Quảng Nam","Điện Nam - Điện Ngọc","Công ty cổ phần Phát triển đô thị và Khu công nghiệp Quảng Nam - Đà Nẵng","Phường Điện Ngọc thị xã Điện Bàn tỉnh Quảng Nam","https://vea.mae.gov.vn/khu-cong-nghiep/5867/danh-sach-cac-khu-cong-nghiep","2023-02-24","2026-09-10"
"127","Quảng Nam","Tam Thăng","Công ty TNHH MTV Phát triển hạ tầng KCN Chu Lai","xã Bình Nam, huyện Thăng Bình và xã Tam Thăng, thành phố Tam Kỳ, tỉnh Quảng Nam","https://vea.mae.gov.vn/khu-cong-nghiep/5867/danh-sach-cac-khu-cong-nghiep","2023-02-24","2026-09-10"
"128","Quảng Ngãi","VSIP Quảng Ngãi (trong KKT Dung Quất)","Công ty TNHH VSIP Quảng Ngãi","huyện Bình Sơn, tỉnh Quảng Ngãi","https://vea.mae.gov.vn/khu-cong-nghiep/5867/danh-sach-cac-khu-cong-nghiep","2023-02-24","2026-09-10"
"129","Quảng Ngãi","Phân Khu công nghiệp Sài Gòn - Dung Quất (trong KKT Dung Quất)","Công ty TNHH MTV Đầu tư, xây dựng và KDDV Quảng Ngãi (QISC)","huyện Bình Sơn, tỉnh Quảng Ngãi","https://vea.mae.gov.vn/khu-cong-nghiep/5867/danh-sach-cac-khu-cong-nghiep","2023-02-24","2026-09-10"
"130","Quảng Ngãi","Tịnh Phong","Công ty TNHH MTV Đầu tư và Kinh doanh dịch vụ Quảng Ngãi","Xã Tịnh Phong, huyện Sơn Tịnh, tỉnh Quảng Ngãi","https://vea.mae.gov.vn/khu-cong-nghiep/5867/danh-sach-cac-khu-cong-nghiep","2023-02-24","2026-09-10"
"131","Quảng Ngãi","Quảng Phú","Công ty TNHH MTV Đầu tư và Kinh doanh dịch vụ Quảng Ngãi","Phường Quảng Phú, thành phố Quảng Ngãi, tỉnh Quảng Ngãi","https://vea.mae.gov.vn/khu-cong-nghiep/5867/danh-sach-cac-khu-cong-nghiep","2023-02-24","2026-09-10"
"132","Quảng Trị","KCN Quán Ngang","Ban quản lý các Khu công nghiệp tỉnh Quảng Trị","Gio Châu, Gio Linh, Quảng Trị","https://vea.mae.gov.vn/khu-cong-nghiep/5867/danh-sach-cac-khu-cong-nghiep","2023-02-24","2026-09-10"
"133","Quảng Trị","KCN Nam Đông Hà","Ban quản lý các Khu công nghiệp tỉnh Quảng Trị","Đông Hải, Đông Hà, Quảng Trị","https://vea.mae.gov.vn/khu-cong-nghiep/5867/danh-sach-cac-khu-cong-nghiep","2023-02-24","2026-09-10"
"134","Thanh Hoá","Hoàng Long (gđ1)","Công ty CP Tập đoàn FLC","Phường Tào Xuyên, Tp Thanh Hóa","https://vea.mae.gov.vn/khu-cong-nghiep/5867/danh-sach-cac-khu-cong-nghiep","2023-02-24","2026-09-10"
"135","Thanh Hoá","Hoàng Long (gđ2)","Công ty CP Tập đoàn FLC","Phường Tào Xuyên, Tp Thanh Hóa và các xã thuộc huyện Hoằng Hóa","https://vea.mae.gov.vn/khu-cong-nghiep/5867/danh-sach-cac-khu-cong-nghiep","2023-02-24","2026-09-10"
"136","Thanh Hoá","Đình Hương - Tây Bắc Ga (gđ1)","Công ty Cổ phần Kiến trúc Phục Hưng","Phường Đông Thọ, Tp Thanh Hóa","https://vea.mae.gov.vn/khu-cong-nghiep/5867/danh-sach-cac-khu-cong-nghiep","2023-02-24","2026-09-10"
"137","Thanh Hoá","Đình Hương - Tây Bắc Ga (gđ2)","Công ty Cổ phần Kiến trúc Phục Hưng","Phường Đông Thọ, Tp Thanh Hóa","https://vea.mae.gov.vn/khu-cong-nghiep/5867/danh-sach-cac-khu-cong-nghiep","2023-02-24","2026-09-10"
"138","Thanh Hoá","Bỉm Sơn","CP Đầu tư và Xây dựng HUD 4","TX Bỉm Sơn, Thanh Hóa","https://vea.mae.gov.vn/khu-cong-nghiep/5867/danh-sach-cac-khu-cong-nghiep","2023-02-24","2026-09-10"
"139","Thanh Hoá","Lễ Môn","Công ty TNHH MTV đầu tư và phát triển hạ tầng Thanh Hóa","phường Quảng Hưng, Tp.Thanh Hóa","https://vea.mae.gov.vn/khu-cong-nghiep/5867/danh-sach-cac-khu-cong-nghiep","2023-02-24","2026-09-10"
"140","Thừa Thiên Huế La Sơn","","Công ty TNHH Vitto","xã Lộc Sơn, huyện Phú Lộc, tỉnh Thừa Thiên Huế","https://vea.mae.gov.vn/khu-cong-nghiep/5867/danh-sach-cac-khu-cong-nghiep","2023-02-24","2026-09-10"
"141","","Thừa Thiên Huế Phong Điền khu B","Công ty Cổ phần Prime Thiên Phúc","thị trấn Phong Điền và Phong Hòa, Phong Thu, huyện Phong Điền","https://vea.mae.gov.vn/khu-cong-nghiep/5867/danh-sach-cac-khu-cong-nghiep","2023-02-24","2026-09-10"
"142","","Thừa Thiên Huế Phong Điền- Viglacera","Công ty Đầu tư Phát triển Hạ tầng Viglacera","thuộc các xã: Phong Hòa, Phong Hiền, thị trấn Phong Điền, huyện Phong Điền, tỉnh Thừa Thiên Huế.","https://vea.mae.gov.vn/khu-cong-nghiep/5867/danh-sach-cac-khu-cong-nghiep","2023-02-24","2026-09-10"
"143","Thừa Thiên Huế Phú Bài","","Công ty xây lắp Thừa Thiên Huế","Lô 09 đường Phạm Văn Đồng, phường Vĩ Dạ, thành phố Huế","https://vea.mae.gov.vn/khu-cong-nghiep/5867/danh-sach-cac-khu-cong-nghiep","2023-02-24","2026-09-10"
"144","Hà Tĩnh","Đại Kim (thuộc KKTCK Cầu Treo)","Tập đoàn Hồng Hải (Foxconn -Đài Loan)","Xã Sơn Kim 1, huyện Hương Sơn, Hà Tĩnh","https://vea.mae.gov.vn/khu-cong-nghiep/5867/danh-sach-cac-khu-cong-nghiep","2023-02-24","2026-09-10"
"145","Hà Tĩnh","Vũng Áng 1 (trong KKT Vũng Áng)","Trung tâm Dịch vụ và Hạ tầng Khu kinh tế Vũng Áng","Phường Kỳ Thịnh, thị xã Kỳ Anh, tỉnh Hà Tĩnh","https://vea.mae.gov.vn/khu-cong-nghiep/5867/danh-sach-cac-khu-cong-nghiep","2023-02-24","2026-09-10"
"146","Hà Tĩnh","Gia Lách","Công Ty TNHH Đầu Tư - Xây Đựng Cơ Sở Hạ Tầng Tân Lộc","Thị trấn Xuân An, Nghi Xuân, Hà Tĩnh","https://vea.mae.gov.vn/khu-cong-nghiep/5867/danh-sach-cac-khu-cong-nghiep","2023-02-24","2026-09-10"
"147","Đăk Lăk","Hoà Phú","Công ty cổ phần Hoà Phú","huyện Hiệp Hòa, tỉnh Bắc Giang","https://vea.mae.gov.vn/khu-cong-nghiep/5867/danh-sach-cac-khu-cong-nghiep","2023-02-24","2026-09-10"
"148","Đăk Nông","Tâm Thắng","Công ty Phát triển hạ tầng KCN Tâm Thắng","xã Tâm Thắng, huyện Cư Jút, tỉnh Đắk Nông","https://vea.mae.gov.vn/khu-cong-nghiep/5867/danh-sach-cac-khu-cong-nghiep","2023-02-24","2026-09-10"
"149","Gia Lai","Trà Đa","Công ty Phát triển hạ tầng KKT Gia Lai","xã Trà Đa, thành phố Pleiku, tỉnh Gia Lai","https://vea.mae.gov.vn/khu-cong-nghiep/5867/danh-sach-cac-khu-cong-nghiep","2023-02-24","2026-09-10"
"150","Kon Tum","Hoà Bình","Công ty Đầu tư phát triển hạ tầng KKT Kon Tum","phường Lê Lợi và Nguyễn Trãi - TP Kon Tum, tỉnh KonTum","https://vea.mae.gov.vn/khu-cong-nghiep/5867/danh-sach-cac-khu-cong-nghiep","2023-02-24","2026-09-10"
"151","Lâm Đồng","Phú Hội","Công ty Phát triển hạ tầng khu công nghiệp Lộc Sơn - Phú Hội","xã Phú Hội, huyện Đức Trọng, tỉnh Lâm Đồng","https://vea.mae.gov.vn/khu-cong-nghiep/5867/danh-sach-cac-khu-cong-nghiep","2023-02-24","2026-09-10"
"152","Lâm Đồng","Lộc Sơn","Công ty Phát triển hạ tầng khu công nghiệp Lộc Sơn - Phú Hội","phường Lộc Sơn, thành phố Bảo Lộc, tỉnh Lâm Đồng","https://vea.mae.gov.vn/khu-cong-nghiep/5867/danh-sach-cac-khu-cong-nghiep","2023-02-24","2026-09-10"
"153","Đồng Nai","Lộc An- Bình Sơn","Công ty VRG Long Thành","huyện Long Thành, tỉnh Đồng Nai","https://vea.mae.gov.vn/khu-cong-nghiep/5867/danh-sach-cac-khu-cong-nghiep","2023-02-24","2026-09-10"
"154","Đồng Nai","Nhơn Trạch 2","Công ty Cổ phần Địa ốc Thảo Điền","huyện Nhơn Trạch, tỉnh Đồng Nai","https://vea.mae.gov.vn/khu-cong-nghiep/5867/danh-sach-cac-khu-cong-nghiep","2023-02-24","2026-09-10"
"155","Đồng Nai","Nhơn Trạch 1","Công ty TNHH MTV Phát triển Đô thị và KCN IDICO-URBIZ","huyện Nhơn Trạch, tỉnh Đồng Nai","https://vea.mae.gov.vn/khu-cong-nghiep/5867/danh-sach-cac-khu-cong-nghiep","2023-02-24","2026-09-10"
"156","Đồng Nai","An Phước","Tổng Công ty Tín Nghĩa","huyện Long Thành, tỉnh Đồng Nai","https://vea.mae.gov.vn/khu-cong-nghiep/5867/danh-sach-cac-khu-cong-nghiep","2023-02-24","2026-09-10"
"157","Đồng Nai","Long Đức","Công ty TNHH Đầu tư Long Đức","huyện Long Thành, tỉnh Đồng Nai","https://vea.mae.gov.vn/khu-cong-nghiep/5867/danh-sach-cac-khu-cong-nghiep","2023-02-24","2026-09-10"
"158","Đồng Nai","Thạnh Phú","Công ty Cổ phần Sonadezi Long Bình","huyện Vĩnh Cửu, tỉnh Đồng Nai","https://vea.mae.gov.vn/khu-cong-nghiep/5867/danh-sach-cac-khu-cong-nghiep","2023-02-24","2026-09-10"
"159","Đồng Nai","Dầu Giây","Công ty Cổ phần KCN Dầu Giây","huyện Thống Nhất, tỉnh Đồng Nai","https://vea.mae.gov.vn/khu-cong-nghiep/5867/danh-sach-cac-khu-cong-nghiep","2023-02-24","2026-09-10"
"160","Đồng Nai","Xuân Lộc","Công ty CP SONADEZI Long Bình","huyện Xuân Lộc, tỉnh Đồng Nai","https://vea.mae.gov.vn/khu-cong-nghiep/5867/danh-sach-cac-khu-cong-nghiep","2023-02-24","2026-09-10"
"161","Đồng Nai","Suối Tre","Công ty cổ phần Sonadezi An Bình","thị xã Long Khánh, tỉnh Đồng Nai","https://vea.mae.gov.vn/khu-cong-nghiep/5867/danh-sach-cac-khu-cong-nghiep","2023-02-24","2026-09-10"
"162","Đồng Nai","Giang Điền","Tổng Công ty Phát triển Khu công nghiệp (SONADEZI)","huyện Trảng Bom, tỉnh Đồng Nai","https://vea.mae.gov.vn/khu-cong-nghiep/5867/danh-sach-cac-khu-cong-nghiep","2023-02-24","2026-09-10"
"163","Đồng Nai","Tân Phú","Công ty TNHH Một Thành viên Tín Nghĩa xã Tân Phú Thạnh, huyện Châu Thành A","","https://vea.mae.gov.vn/khu-cong-nghiep/5867/danh-sach-cac-khu-cong-nghiep","2023-02-24","2026-09-10"
"164","Đồng Nai","Sông Mây (giai đoạn 1)","Công ty Cổ phần phát triển KCN Sông Mây - Sinpaco","xã Bắc Sơn, huyện Trảng Bom, tỉnh Đồng Nai","https://vea.mae.gov.vn/khu-cong-nghiep/5867/danh-sach-cac-khu-cong-nghiep","2023-02-24","2026-09-10"
"165","Đồng Nai","Giai đoạn 2","Công ty Cổ phần phát triển KCN Sông Mây - Sinpaco","xã Bắc Sơn, huyện Trảng Bom, tỉnh Đồng Nai","https://vea.mae.gov.vn/khu-cong-nghiep/5867/danh-sach-cac-khu-cong-nghiep","2023-02-24","2026-09-10"
"166","Đồng Nai","Hố Nai","Công ty Cổ phần KCN Hố Nai","huyện Trảng Bom, tỉnh Đồng Nai","https://vea.mae.gov.vn/khu-cong-nghiep/5867/danh-sach-cac-khu-cong-nghiep","2023-02-24","2026-09-10"
"167","Đồng Nai","Gò Dầu","Công ty Cổ phần Sonadezi Long Bình","huyện Long Thành, tỉnh Đồng Nai","https://vea.mae.gov.vn/khu-cong-nghiep/5867/danh-sach-cac-khu-cong-nghiep","2023-02-24","2026-09-10"
"168","Đồng Nai","Agtex Long Bình","Tổng công ty 28","TP. Biên Hoà, tỉnh Đồng Nai","https://vea.mae.gov.vn/khu-cong-nghiep/5867/danh-sach-cac-khu-cong-nghiep","2023-02-24","2026-09-10"
"169","Đồng Nai","Loteco (Long Bình)","Công ty TNHH Phát triển Khu Công Nghiệp Long Bình","TP. Biên Hoà, tỉnh Đồng Nai","https://vea.mae.gov.vn/khu-cong-nghiep/5867/danh-sach-cac-khu-cong-nghiep","2023-02-24","2026-09-10"
"170","Đồng Nai","Biên Hoà 2","Công ty Phát triển Khu công nghiệp Biên Hoà (Sonadezi)","TP. Biên Hoà, tỉnh Đồng Nai","https://vea.mae.gov.vn/khu-cong-nghiep/5867/danh-sach-cac-khu-cong-nghiep","2023-02-24","2026-09-10"
"171","Đồng Nai","Nhơn Trạch 2-Lộc Khang","Công ty Cổ phần Địa ốc Thảo Điền","huyện Nhơn Trạch, tỉnh Đồng Nai","https://vea.mae.gov.vn/khu-cong-nghiep/5867/danh-sach-cac-khu-cong-nghiep","2023-02-24","2026-09-10"
"172","Đồng Nai","Nhơn Trạch 5","Tổng công ty IDICO","huyện Nhơn Trạch, tỉnh Đồng Nai","https://vea.mae.gov.vn/khu-cong-nghiep/5867/danh-sach-cac-khu-cong-nghiep","2023-02-24","2026-09-10"
"173","Đồng Nai","","Nhơn Trạch 3 ( giai đoạn 1) Công ty TNHH Một Thành viên Tín Nghĩa huyện Nhơn Trạch, tỉnh Đồng Nai","","https://vea.mae.gov.vn/khu-cong-nghiep/5867/danh-sach-cac-khu-cong-nghiep","2023-02-24","2026-09-10"
"174","Đồng Nai","","Nhơn Trạch 3 ( giai đoạn 2) Công ty TNHH Một Thành viên Tín Nghĩa huyện Nhơn Trạch, tỉnh Đồng Nai","","https://vea.mae.gov.vn/khu-cong-nghiep/5867/danh-sach-cac-khu-cong-nghiep","2023-02-24","2026-09-10"
"175","Đồng Nai","Long Khánh","Công ty CP KCN Long Khánh","thị xã Long Khánh, tỉnh Đồng Nai","https://vea.mae.gov.vn/khu-cong-nghiep/5867/danh-sach-cac-khu-cong-nghiep","2023-02-24","2026-09-10"
"176","Đồng Nai","Định Quán","Công ty Cổ phần KCN Định Quán","huyện Định Quán, tỉnh Đồng Nai","https://vea.mae.gov.vn/khu-cong-nghiep/5867/danh-sach-cac-khu-cong-nghiep","2023-02-24","2026-09-10"
"177","Đồng Nai","Bàu Xéo","Công ty cổ phần Thống Nhất","huyện Trảng Bom, tỉnh Đồng Nai","https://vea.mae.gov.vn/khu-cong-nghiep/5867/danh-sach-cac-khu-cong-nghiep","2023-02-24","2026-09-10"
"178","Đồng Nai","Long Bình (Amata)","Công ty CP Đô thị Amata Biên Hoà","TP. Biên Hoà, tỉnh Đồng Nai","https://vea.mae.gov.vn/khu-cong-nghiep/5867/danh-sach-cac-khu-cong-nghiep","2023-02-24","2026-09-10"
"179","Đồng Nai","Biên Hoà 1","Tổng công ty phát triển KCN","TP. Biên Hoà, tỉnh Đồng Nai","https://vea.mae.gov.vn/khu-cong-nghiep/5867/danh-sach-cac-khu-cong-nghiep","2023-02-24","2026-09-10"
"180","Đồng Nai","Tam Phước","Công ty Cổ phần Phát triển KCN Tín Nghĩa TP. Biên Hoà, tỉnh Đồng Nai","","https://vea.mae.gov.vn/khu-cong-nghiep/5867/danh-sach-cac-khu-cong-nghiep","2023-02-24","2026-09-10"
"181","Đồng Nai","Long Thành","Công ty Cổ phần SONADEZI Long Thành huyện Long Thành, tỉnh Đồng Nai","","https://vea.mae.gov.vn/khu-cong-nghiep/5867/danh-sach-cac-khu-cong-nghiep","2023-02-24","2026-09-10"
"182","Đồng Nai","Ông Kèo","Công ty TNHH Một Thành viên Tín Nghĩa huyện Nhơn Trạch, tỉnh Đồng Nai","","https://vea.mae.gov.vn/khu-cong-nghiep/5867/danh-sach-cac-khu-cong-nghiep","2023-02-24","2026-09-10"
"183","Đồng Nai","Nhơn Trạch 2 - Nhơn Phú","Công ty Cổ phần Địa ốc Thảo Điền","đường 25 B huyện Nhơn Trạch, tỉnh Đồng Nai","https://vea.mae.gov.vn/khu-cong-nghiep/5867/danh-sach-cac-khu-cong-nghiep","2023-02-24","2026-09-10"
"184","Đồng Nai","Dệt May Nhơn Trạch (Vinatex-Tân Tạo)","Công ty Cổ Phần Đầu Tư Vinatex – Tân Tạo","huyện Nhơn Trạch, tỉnh Đồng Nai","https://vea.mae.gov.vn/khu-cong-nghiep/5867/danh-sach-cac-khu-cong-nghiep","2023-02-24","2026-09-10"
"185","Bình Dương","Rạch Bắp","Cổ phần Công nghiệp An Điền","xã An Điền, thị xã Bến Cát, tỉnh Bình Dương","https://vea.mae.gov.vn/khu-cong-nghiep/5867/danh-sach-cac-khu-cong-nghiep","2023-02-24","2026-09-10"
"186","Bình Dương","Tân Đông Hiệp B","Công ty TNHH Phú Mỹ","xã Tân Đông Hiệp, huyện Dĩ An, tỉnh Bình Dương","https://vea.mae.gov.vn/khu-cong-nghiep/5867/danh-sach-cac-khu-cong-nghiep","2023-02-24","2026-09-10"
"187","Bình Dương","An Tây (Singapore Ascendas – Protrade)","Công ty TNHH MTV Quốc tế Protrade","xã An Tây, thị xã Bến Cát, tỉnh Bình Dương","https://vea.mae.gov.vn/khu-cong-nghiep/5867/danh-sach-cac-khu-cong-nghiep","2023-02-24","2026-09-10"
"188","Bình Dương","Đất Cuốc","Công ty Cổ phần Khoáng sản và Xây dựng Bình Dương","xã Đất Cuốc, thị xã Tân Uyên, tỉnh Bình Dương","https://vea.mae.gov.vn/khu-cong-nghiep/5867/danh-sach-cac-khu-cong-nghiep","2023-02-24","2026-09-10"
"189","Bình Dương","Đất Cuốc (mở rộng)","Công ty CP Khoáng sản và Xây dựng Bình Dương","xã Đất Cuốc, thị xã Tân Uyên, tỉnh Bình Dương","https://vea.mae.gov.vn/khu-cong-nghiep/5867/danh-sach-cac-khu-cong-nghiep","2023-02-24","2026-09-10"
"190","Bình Dương","Phú Tân (Việt Remax/Phú Gia)","Công ty Cổ phần Đầu tư Phát triển Nam Kim","Hoà Phú, Thủ Dầu Một, Bình Dương","https://vea.mae.gov.vn/khu-cong-nghiep/5867/danh-sach-cac-khu-cong-nghiep","2023-02-24","2026-09-10"
"191","Bình Dương","Nam Tân Uyên","Công ty cổ phần Khu công nghiệp Nam Tân Uyên","Tân Uyên, Bình Dương","https://vea.mae.gov.vn/khu-cong-nghiep/5867/danh-sach-cac-khu-cong-nghiep","2023-02-24","2026-09-10"
"192","Bình Dương","Nam Tân Uyên mở rộng","Công ty cổ phần Khu công nghiệp Nam Tân Uyên","Hội Nghĩa, thị xã Tân Uyên, tỉnh Bình Dương","https://vea.mae.gov.vn/khu-cong-nghiep/5867/danh-sach-cac-khu-cong-nghiep","2023-02-24","2026-09-10"
"193","Bình Dương","Tân Đông Hiệp A","Công ty TNHH Phú Mỹ","Tân Đông Hiệp, Dĩ An, Bình Dương","https://vea.mae.gov.vn/khu-cong-nghiep/5867/danh-sach-cac-khu-cong-nghiep","2023-02-24","2026-09-10"
"194","Bình Dương","Sóng thần 2","Công ty cổ phần Đại Nam;","","https://vea.mae.gov.vn/khu-cong-nghiep/5867/danh-sach-cac-khu-cong-nghiep","2023-02-24","2026-09-10"
"195","Bình Dương","Việt Nam - Singapore 2A ( mở rộng )","Công ty Liên Doanh KCN Việt nam - Singapore","thị xã Tân Uyên, Bình Dương","https://vea.mae.gov.vn/khu-cong-nghiep/5867/danh-sach-cac-khu-cong-nghiep","2023-02-24","2026-09-10"
"196","Bình Dương","Việt Nam - Singapore 2","Công ty Liên Doanh KCN Việt nam - Singapore","huyện Thuận An, tỉnh Bình Dương","https://vea.mae.gov.vn/khu-cong-nghiep/5867/danh-sach-cac-khu-cong-nghiep","2023-02-24","2026-09-10"
"197","Bình Dương","Đồng An 2","ông ty cổ phần Thương mại - Sản xuất - Xây dựng Hưng Thịnh","xã Bình Hòa, thị xã Thuận An, tỉnh Bình Dương","https://vea.mae.gov.vn/khu-cong-nghiep/5867/danh-sach-cac-khu-cong-nghiep","2023-02-24","2026-09-10"
"198","Bình Dương","Đại Đăng","Công ty TNHH Xây dựng và Đầu tư Đại Đăng","phường Phú Tân, thành phố Thủ Dầu Một, tỉnh Bình Dương","https://vea.mae.gov.vn/khu-cong-nghiep/5867/danh-sach-cac-khu-cong-nghiep","2023-02-24","2026-09-10"
"199","Bình Dương","Vietnam-Sigapore I","Công ty liên doanh TNHH Khu Công Nghiệp Việt Nam Singapore","thị xã Thuận An, tỉnh Bình Dương","https://vea.mae.gov.vn/khu-cong-nghiep/5867/danh-sach-cac-khu-cong-nghiep","2023-02-24","2026-09-10"
"200","Bình Dương","Mỹ Phước 2","Tổng công ty Đầu tư và Phát triển công nghiệp – TNHH Một thành viên (Becamex IDC)","thị xã Thủ Dầu Một, tỉnh Bình Dương","https://vea.mae.gov.vn/khu-cong-nghiep/5867/danh-sach-cac-khu-cong-nghiep","2023-02-24","2026-09-10"
"201","Bình Dương","Mỹ Phước 1","Tổng công ty Đầu tư và Phát triển công nghiệp – TNHH Một thành viên (Becamex IDC)","thị xã Thủ Dầu Một, tỉnh Bình Dương","https://vea.mae.gov.vn/khu-cong-nghiep/5867/danh-sach-cac-khu-cong-nghiep","2023-02-24","2026-09-10"
"202","Bình Dương","Sóng Thần 3","Công ty cổ phần Đại Nam","Đại lộ Bình Dương, phường Hiệp An, thành phố Thủ Dầu Một, tỉnh Bình Dương","https://vea.mae.gov.vn/khu-cong-nghiep/5867/danh-sach-cac-khu-cong-nghiep","2023-02-24","2026-09-10"
"203","Bình Dương","Kim Huy","Công ty TNHH phát triển KCN Kim Huy","xã Bình Chuẩn, thị xã Thuận An, tỉnh Bình Dương","https://vea.mae.gov.vn/khu-cong-nghiep/5867/danh-sach-cac-khu-cong-nghiep","2023-02-24","2026-09-10"
"204","Bình Dương","Mỹ Phước 3","Tổng công ty Đầu tư và Phát triển công nghiệp – TNHH Một thành viên (Becamex IDC)","thị xã Thủ Dầu Một, tỉnh Bình Dương","https://vea.mae.gov.vn/khu-cong-nghiep/5867/danh-sach-cac-khu-cong-nghiep","2023-02-24","2026-09-10"
"205","Bình Dương","Bình An (dệt may)","Công ty cổ phần Đầu tư phát triển Bình Thắng","xã Bình Thắng, thị xã Dĩ An, tỉnh Bình Dương","https://vea.mae.gov.vn/khu-cong-nghiep/5867/danh-sach-cac-khu-cong-nghiep","2023-02-24","2026-09-10"
"206","Bình Dương","Đồng An","Công ty cổ phần TM-SX-XD Hưng Thịnh","xã Bình Hòa, thị xã Thuận An, tỉnh Bình Dương","https://vea.mae.gov.vn/khu-cong-nghiep/5867/danh-sach-cac-khu-cong-nghiep","2023-02-24","2026-09-10"
"207","Bình Dương","Việt Hương","Công ty cổ phần Việt Hương","Km 11, Đại lộ Bình Dương, thị xã Thuận An, tỉnh Bình Dương","https://vea.mae.gov.vn/khu-cong-nghiep/5867/danh-sach-cac-khu-cong-nghiep","2023-02-24","2026-09-10"
"208","Bình Dương","Bình Đường","Tổng Công ty Thương mại Xuất nhập khẩu Thanh Lễ - TNHH Một thành viên","phường Hiệp Thành, thành phố Thủ Dầu Một, tỉnh Bình Dương","https://vea.mae.gov.vn/khu-cong-nghiep/5867/danh-sach-cac-khu-cong-nghiep","2023-02-24","2026-09-10"
"209","Bình Dương","Sóng Thần 1","Tổng Công ty Thương mại Xuất nhập khẩu Thanh Lễ - TNHH Một thành viên","phường Hiệp Thành, thị xã Thủ Dầu Một, tỉnh Bình Dương","https://vea.mae.gov.vn/khu-cong-nghiep/5867/danh-sach-cac-khu-cong-nghiep","2023-02-24","2026-09-10"
"210","Bình Dương","Bàu Bàng","TCT Đầu Tư Phát Triển Công Nghiệp - Becamex IDC","Đại lộ Bình Dương, Thành phố Thủ Dầu Một, Tỉnh Bình Dương","https://vea.mae.gov.vn/khu-cong-nghiep/5867/danh-sach-cac-khu-cong-nghiep","2023-02-24","2026-09-10"
"211","Bình Dương","Việt Hương 2","Công ty cổ phần Đầu tư phát triển Việt Hương","ấp 2, xã An Tây, tx Bến Cát, tỉnh Bình Dương","https://vea.mae.gov.vn/khu-cong-nghiep/5867/danh-sach-cac-khu-cong-nghiep","2023-02-24","2026-09-10"
"212","Bình Dương","Khu công nghệ cao Mapletree Bình Dương","Tập đoàn Mapletree","thành phố mới Bình Dương","https://vea.mae.gov.vn/khu-cong-nghiep/5867/danh-sach-cac-khu-cong-nghiep","2023-02-24","2026-09-10"
"213","Bình Dương","Tân Bình","Công ty CP Khu công nghiệp Tân Bình","xã Tân Bình, huyện Bắc Tân Uyên, tỉnh Bình Dương","https://vea.mae.gov.vn/khu-cong-nghiep/5867/danh-sach-cac-khu-cong-nghiep","2023-02-24","2026-09-10"
"214","Bà Rịa - Vũng Tàu","Phú Mỹ 2","Tổng công ty IDICO","tt Phú Mỹ, huyện Tân Thành, tỉnh Bà Rịa - Vũng Tàu","https://vea.mae.gov.vn/khu-cong-nghiep/5867/danh-sach-cac-khu-cong-nghiep","2023-02-24","2026-09-10"
"215","Bà Rịa - Vũng Tàu","Mỹ Xuân A2","Công ty TNHH Phát triển quốc tế Formosa huyện Tân Thành, tỉnh Bà Rịa - Vũng Tàu","","https://vea.mae.gov.vn/khu-cong-nghiep/5867/danh-sach-cac-khu-cong-nghiep","2023-02-24","2026-09-10"
"216","Bà Rịa - Vũng Tàu","Mỹ Xuân B1-CONAC","Công ty Đầu tư xây dựng dầu khí (CONAC)","huyện Tân Thành, tỉnh Bà Rịa - Vũng Tàu","https://vea.mae.gov.vn/khu-cong-nghiep/5867/danh-sach-cac-khu-cong-nghiep","2023-02-24","2026-09-10"
"217","Bà Rịa - Vũng Tàu","Phú Mỹ 1","Công ty cổ phần tập đoàn Hoa Sen","huyện Tân Thành, tỉnh Bà Rịa - Vũng Tàu","https://vea.mae.gov.vn/khu-cong-nghiep/5867/danh-sach-cac-khu-cong-nghiep","2023-02-24","2026-09-10"
"218","Bà Rịa - Vũng Tàu","Đông Xuyên","Công ty Đầu tư và khai thác hạ tầng KCN Đông Xuyên và Phú Mỹ I (IZICO)","Tp Vũng Tàu","https://vea.mae.gov.vn/khu-cong-nghiep/5867/danh-sach-cac-khu-cong-nghiep","2023-02-24","2026-09-10"
"219","Bà Rịa - Vũng Tàu","Mỹ Xuân B1 - Tiến Hùng","Công ty TNHH Sản xuất – Thương mại Tiến Hùng","huyện Tân Thành, tỉnh Bà Rịa Vũng Tàu","https://vea.mae.gov.vn/khu-cong-nghiep/5867/danh-sach-cac-khu-cong-nghiep","2023-02-24","2026-09-10"
"220","Bà Rịa - Vũng Tàu","Mỹ Xuân B1 - Đại Dương","Công ty Cổ phần đầu tư xây dựng giải trí Đại Dương","huyện Tân Thành, tỉnh Bà Rịa Vũng Tàu","https://vea.mae.gov.vn/khu-cong-nghiep/5867/danh-sach-cac-khu-cong-nghiep","2023-02-24","2026-09-10"
"221","Bà Rịa - Vũng Tàu","Cái Mép","Tổng Công ty Xây dựng Sài Gòn","Tân Phước, Tân Thành, tỉnh Bà Rịa - Vũng Tàu","https://vea.mae.gov.vn/khu-cong-nghiep/5867/danh-sach-cac-khu-cong-nghiep","2023-02-24","2026-09-10"
"222","Bà Rịa - Vũng Tàu","Mỹ Xuân A & mở rộng","Tổng công ty IDICO","huyện Tân Thành, tỉnh Bà Rịa Vũng Tàu","https://vea.mae.gov.vn/khu-cong-nghiep/5867/danh-sach-cac-khu-cong-nghiep","2023-02-24","2026-09-10"
"223","Bà Rịa - Vũng Tàu","Châu Đức","Công ty CP Sonadezi Châu Đức","xã Nghĩa Thành, Suối Nghệ huyện Châu Đức, Tỉnh Bà Rịa Vũng Tàu.","https://vea.mae.gov.vn/khu-cong-nghiep/5867/danh-sach-cac-khu-cong-nghiep","2023-02-24","2026-09-10"
"224","TP. Hồ Chí Minh","An Hạ","Công ty cổ phần Tư vấn Đầu tư Xây dựng Thương mại Sản xuất Nhựt Thành","Xã Phạm Văn Hai, huyện Bình Chánh, TP.HCM","https://vea.mae.gov.vn/khu-cong-nghiep/5867/danh-sach-cac-khu-cong-nghiep","2023-02-24","2026-09-10"
"225","TP. Hồ Chí Minh","Đông Nam","Công ty CP Đầu tư Sài Gòn VRG","Xã Bình Mỹ và Hoà Phú, huyện Củ Chi","https://vea.mae.gov.vn/khu-cong-nghiep/5867/danh-sach-cac-khu-cong-nghiep","2023-02-24","2026-09-10"
"226","TP. Hồ Chí Minh","Tân Phú Trung","Công ty Cổ phần Phát triển Đô thị Sài Gòn Tây Bắc (SCD)","Quốc lộ 22, xã Tân Phú Trung, huyện Củ Chi, TP.HCM","https://vea.mae.gov.vn/khu-cong-nghiep/5867/danh-sach-cac-khu-cong-nghiep","2023-02-24","2026-09-10"
"227","TP. Hồ Chí Minh","Vĩnh Lộc","Công ty TNHH Một thành viên Khu công nghiệp Vĩnh Lộc","Số A59/I, đường số 7, phường Bình Hưng Hoà, quận Bình Tân, TP.HCM","https://vea.mae.gov.vn/khu-cong-nghiep/5867/danh-sach-cac-khu-cong-nghiep","2023-02-24","2026-09-10"
"228","TP. Hồ Chí Minh","Tây Bắc Củ Chi","Công ty Cổ phần đầu tư phát triển công nghiệp - Thương mại Củ Chi","Quốc lộ 22, xã Tân An Hội, huyện Củ Chi, TP.HCM","https://vea.mae.gov.vn/khu-cong-nghiep/5867/danh-sach-cac-khu-cong-nghiep","2023-02-24","2026-09-10"
"229","TP. Hồ Chí Minh","Tân Tạo","Công ty Cổ phần Đầu tư và Công nghiệp Tân Tạo","Lô 16, đường 2, phường Tân Tạo A, quận Bình Tân, TP.HCM","https://vea.mae.gov.vn/khu-cong-nghiep/5867/danh-sach-cac-khu-cong-nghiep","2023-02-24","2026-09-10"
"230","TP. Hồ Chí Minh","Tân Bình","Công ty Cổ phần KCN Tân Bình","Quận Tân Phú và Bình Tân","https://vea.mae.gov.vn/khu-cong-nghiep/5867/danh-sach-cac-khu-cong-nghiep","2023-02-24","2026-09-10"
"231","TP. Hồ Chí Minh","Tân Thới Hiệp","Công ty TNHH Đầu tư Xây dựng Cơ sở hạ tầng KCN Tân Thới Hiệp","Quận 12","https://vea.mae.gov.vn/khu-cong-nghiep/5867/danh-sach-cac-khu-cong-nghiep","2023-02-24","2026-09-10"
"232","TP. Hồ Chí Minh","KCX Tân Thuận","Công ty TNHH Tân Thuận","Đường Huỳnh Tấn Phát, Quận 7","https://vea.mae.gov.vn/khu-cong-nghiep/5867/danh-sach-cac-khu-cong-nghiep","2023-02-24","2026-09-10"
"233","TP. Hồ Chí Minh","KCX Linh Trung 2","Công ty Liên doanh Khai thác Kinh doanh Khu Chế xuất Sài Gòn - Linh Trung","Đường Nam Khu chế xuất, phường Bình Chiểu, quận Thủ Đức","https://vea.mae.gov.vn/khu-cong-nghiep/5867/danh-sach-cac-khu-cong-nghiep","2023-02-24","2026-09-10"
"234","TP. Hồ Chí Minh","KCX Linh Trung 1","Công ty Liên doanh Khai thác Kinh doanh Khu Chế xuất Sài Gòn - Linh Trung","Quốc lộ 1A, phường Linh Trung, quận Thủ Đức","https://vea.mae.gov.vn/khu-cong-nghiep/5867/danh-sach-cac-khu-cong-nghiep","2023-02-24","2026-09-10"
"235","TP. Hồ Chí Minh","Lê Minh Xuân","Công ty Cổ Phần Đầu Tư Xây Dựng Bình Chánh (BCCI)","Số A6/177B, đường Trần Đại Nghĩa, xã Tân Nhựt, huyện Bình Chánh, TP.HCM.","https://vea.mae.gov.vn/khu-cong-nghiep/5867/danh-sach-cac-khu-cong-nghiep","2023-02-24","2026-09-10"
"236","TP. Hồ Chí Minh","Hiệp Phước (giai đoạn 1)","Công ty Cổ phần chế biến Hàng Xuất khẩu Cầu Tre và Công ty Cổ phần Khu công nghiệp Hiệp Phước","Xã Hiệp Phước và Long Thới, huyện Nhà Bè Khu B, Đường số 1, KCN Hiệp Phước, xã Hiệp Phước, huyện Nhà Bè, Tp. HCM","https://vea.mae.gov.vn/khu-cong-nghiep/5867/danh-sach-cac-khu-cong-nghiep","2023-02-24","2026-09-10"
"237","TP. Hồ Chí Minh","Cát Lái 2","Công ty TNHH Một thành viên Dịch vụ công ích Quận 2","Đường Nguyễn Thị Định, phường Thạnh Mỹ Lợi, Quận 2","https://vea.mae.gov.vn/khu-cong-nghiep/5867/danh-sach-cac-khu-cong-nghiep","2023-02-24","2026-09-10"
"238","TP. Hồ Chí Minh","Bình Chiểu","Tổng Công ty Bến Thành","Quận Thủ Đức, thành phố Hồ Chí Minh","https://vea.mae.gov.vn/khu-cong-nghiep/5867/danh-sach-cac-khu-cong-nghiep","2023-02-24","2026-09-10"
"239","TP. Hồ Chí Minh","Khu công nghệ cao (giai đoạn 1)","","Quận 9, thành phố Hồ Chí Minh","https://vea.mae.gov.vn/khu-cong-nghiep/5867/danh-sach-cac-khu-cong-nghiep","2023-02-24","2026-09-10"
"240","Bình Phước","Đồng xoài 2","Công ty Cổ phần Quang Minh Tiến","xã Tiến Thành, thị xã Đồng Xoài","https://vea.mae.gov.vn/khu-cong-nghiep/5867/danh-sach-cac-khu-cong-nghiep","2023-02-24","2026-09-10"
"241","Bình Phước","Đồng xoài 1","Ban quản lý các khu công nghiệp tỉnh Bình Phước","xã Tân Thành, thị xã Đồng Xoài","https://vea.mae.gov.vn/khu-cong-nghiep/5867/danh-sach-cac-khu-cong-nghiep","2023-02-24","2026-09-10"
"242","Bình Phước","Chơn Thành 2","Công ty Cổ phần Đầu tư xây dựng KCN Chơn Thành","xã Thành Tâm, huyện Chơn Thành","https://vea.mae.gov.vn/khu-cong-nghiep/5867/danh-sach-cac-khu-cong-nghiep","2023-02-24","2026-09-10"
"243","Bình Phước","Bắc Đồng Phú","Công ty Cổ phần KCN Bắc Đồng Phú","thị trấn Tân Phú, huyện Đồng Phú","https://vea.mae.gov.vn/khu-cong-nghiep/5867/danh-sach-cac-khu-cong-nghiep","2023-02-24","2026-09-10"
"244","Bình Phước","Chơn Thành 1","Công ty Cổ phần Đầu tư Xây dựng cơ sở hạ tầng Khu công nghiệp Chơn Thành 1","xã Thành Tâm, huyện Chơn Thành","https://vea.mae.gov.vn/khu-cong-nghiep/5867/danh-sach-cac-khu-cong-nghiep","2023-02-24","2026-09-10"
"245","Bình Phước","Minh Hưng-Hàn Quốc","Công ty TNHH C&N Vina","xã Minh Hưng, huyện Chơn Thành","https://vea.mae.gov.vn/khu-cong-nghiep/5867/danh-sach-cac-khu-cong-nghiep","2023-02-24","2026-09-10"
"246","Bình Phước","Minh Hưng 3","Công ty CP KCN cao su Bình Long","xã Minh Hưng, huyện Chơn Thành","https://vea.mae.gov.vn/khu-cong-nghiep/5867/danh-sach-cac-khu-cong-nghiep","2023-02-24","2026-09-10"
"247","Tây Ninh","Chà Là","Công ty TNHH Đầu tư Quốc tê","xã Chà Là, huyện Dương Minh Châu","https://vea.mae.gov.vn/khu-cong-nghiep/5867/danh-sach-cac-khu-cong-nghiep","2023-02-24","2026-09-10"
"248","Tây Ninh","Trảng Bàng","Công ty TNHH Hệ thống Công nghiệp Việt Nam (INDECO)","xã An Tịnh, huyện Trảng Bàng","https://vea.mae.gov.vn/khu-cong-nghiep/5867/danh-sach-cac-khu-cong-nghiep","2023-02-24","2026-09-10"
"249","Tây Ninh","KCX Linh Trung 3","Công ty TNHH Seponze-Linh Trung","xã An Tịnh, huyện Trảng Bàng","https://vea.mae.gov.vn/khu-cong-nghiep/5867/danh-sach-cac-khu-cong-nghiep","2023-02-24","2026-09-10"
"250","Tây Ninh","Phước Đông","Công ty CP đầu tư Sài Gòn","xã Phước Đông, huyện Gò Dầu, tỉnh Tây Ninh","https://vea.mae.gov.vn/khu-cong-nghiep/5867/danh-sach-cac-khu-cong-nghiep","2023-02-24","2026-09-10"
"251","Tây Ninh","Thành Thành Công (Bourbon-An Hoà)","Công ty Cổ phần Khu công nghiệp Thành Thành Công","xã An Hoà, huyện Trảng Bàng","https://vea.mae.gov.vn/khu-cong-nghiep/5867/danh-sach-cac-khu-cong-nghiep","2023-02-24","2026-09-10"
"252","Đồng Tháp","Trần Quốc Toản","Công ty Xây lắp và Vật liệu xây dựng tỉnh Đồng Tháp","Quốc lộ 30, Phường 11, TP Cao Lãnh, tỉnh Đồng Tháp.","https://vea.mae.gov.vn/khu-cong-nghiep/5867/danh-sach-cac-khu-cong-nghiep","2023-02-24","2026-09-10"
"253","Đồng Tháp","Sa Đéc","Công ty Cổ phần Đầu tư Phát triển nhà & Khu công nghiệp (HIDICO)","Phường An hoà, Phường Tân Quy Đông và xã Tân Khánh Đông, TP Sa Đéc, tỉnh Đồng Tháp","https://vea.mae.gov.vn/khu-cong-nghiep/5867/danh-sach-cac-khu-cong-nghiep","2023-02-24","2026-09-10"
"254","Đồng Tháp","Sông Hậu","Công ty Cổ Phần Docimexco","Xã Tân Thành, huyện Lai vung, tỉnh Đồng Tháp","https://vea.mae.gov.vn/khu-cong-nghiep/5867/danh-sach-cac-khu-cong-nghiep","2023-02-24","2026-09-10"
"255","An Giang","Bình Long","Ban quản lý Khu kinh tế tỉnh An Giang","xã Bình Long, huyện Châu Phú","https://vea.mae.gov.vn/khu-cong-nghiep/5867/danh-sach-cac-khu-cong-nghiep","2023-02-24","2026-09-10"
"256","An Giang","Bình Hoà","Ban quản lý Khu kinh tế tỉnh An Giang","xã Bình Hoà, huyện Châu Thành","https://vea.mae.gov.vn/khu-cong-nghiep/5867/danh-sach-cac-khu-cong-nghiep","2023-02-24","2026-09-10"
"257","Bạc Liêu","Trà Kha","Công ty Phát triển hạ tầng khu công nghiệp Bạc Liêu","phường 8, tp Bạc Liêu","https://vea.mae.gov.vn/khu-cong-nghiep/5867/danh-sach-cac-khu-cong-nghiep","2023-02-24","2026-09-10"
"258","Bến Tre","An Hiệp","Công ty phát triển hạ tầng các Khu công nghiệp Bến Tre","xã An Hiệp, huyện Châu Thành","https://vea.mae.gov.vn/khu-cong-nghiep/5867/danh-sach-cac-khu-cong-nghiep","2023-02-24","2026-09-10"
"259","Bến Tre","Giao Long","Công Ty Phát Triển Hạ Tầng các Khu công Nghiệp Tỉnh Bến Tre","Xã An Phước, huyện Châu Thành, tỉnh Bến Tre","https://vea.mae.gov.vn/khu-cong-nghiep/5867/danh-sach-cac-khu-cong-nghiep","2023-02-24","2026-09-10"
"260","Cà Mau","Năm Căn (trong KKT Năm Căn)","Côn ty TNHH MTV công nghiệp tàu thủy Cà Mau","Thị trấn Năm Căn và xã Hàng Vịnh, huyện Năm Căn","https://vea.mae.gov.vn/khu-cong-nghiep/5867/danh-sach-cac-khu-cong-nghiep","2023-02-24","2026-09-10"
"261","Cà Mau","Sông Đốc","Công ty Phát triển hạ tầng KCN tỉnh Cà Mau","thuộc xã Khánh Hải, Phong Điền và Thị trấn Sông Đốc, huyện Trần Văn Thời, tỉnh Cà Mau","https://vea.mae.gov.vn/khu-cong-nghiep/5867/danh-sach-cac-khu-cong-nghiep","2023-02-24","2026-09-10"
"262","Cà Mau","Hoà Trung","","xã Lương Thế Trân, huyện Cái Nước","https://vea.mae.gov.vn/khu-cong-nghiep/5867/danh-sach-cac-khu-cong-nghiep","2023-02-24","2026-09-10"
"263","Cà Mau","Khánh An -Khu A và Khu B","Công ty CP hạ tầng Sài Gòn - Cà Mau","xã Khánh An, huyện U Minh, tỉnh Cà Mau","https://vea.mae.gov.vn/khu-cong-nghiep/5867/danh-sach-cac-khu-cong-nghiep","2023-02-24","2026-09-10"
"264","Cần Thơ","Hưng Phú 2A","Công ty TNHH xây lắp BMC (Bộ công thương)","phường Phú Thứ, quận Cái Răng, thành phố Cần Thơ","https://vea.mae.gov.vn/khu-cong-nghiep/5867/danh-sach-cac-khu-cong-nghiep","2023-02-24","2026-09-10"
"265","Cần Thơ","Hưng Phú 2B","Công ty xây dựng hạ tầng KCN Cần Thơ (CIPCO)","Võ Nguyên Giáp, Phú Thứ, Cái Răng, Cần Thơ","https://vea.mae.gov.vn/khu-cong-nghiep/5867/danh-sach-cac-khu-cong-nghiep","2023-02-24","2026-09-10"
"266","Cần Thơ","Trà Nóc 1","Công ty xây dựng hạ tầng Khu công nghiệp Cần Thơ","số 102 đường 30/4, phường An Phú, quận Ninh Kiều, thành phố Cần Thơ","https://vea.mae.gov.vn/khu-cong-nghiep/5867/danh-sach-cac-khu-cong-nghiep","2023-02-24","2026-09-10"
"267","Cần Thơ","Trà Nóc 2","Công ty xây dựng hạ tầng Khu công nghiệp Cần Thơ","số 102 đường 30/4, phường An Phú, quận Ninh Kiều, thành phố Cần Thơ","https://vea.mae.gov.vn/khu-cong-nghiep/5867/danh-sach-cac-khu-cong-nghiep","2023-02-24","2026-09-10"
"268","Cần Thơ","Hưng Phú I","Công ty Cổ phần Khu công nghiệp Sài Gòn-Cần Thơ","tại phường Tân Phú, quận Cái Răng, thành phố Cần Thơ","https://vea.mae.gov.vn/khu-cong-nghiep/5867/danh-sach-cac-khu-cong-nghiep","2023-02-24","2026-09-10"
"269","Cần Thơ","Thốt Nốt - giai đoạn I","Trung tâm xây dựng hạ tầng Khu công nghiệp Thốt Nốt","quốc lộ 91, khu vực Thới Thạnh, phường Thới Thuận, quận Thốt Nốt, thành phố Cần Thơ","https://vea.mae.gov.vn/khu-cong-nghiep/5867/danh-sach-cac-khu-cong-nghiep","2023-02-24","2026-09-10"
"270","Hậu Giang","Tân Phú Thạnh","Công ty Phát triển Hạ tầng khu công nghiệp Hậu Giang","xã Tân Phú Thạnh, huyện Châu Thành A","https://vea.mae.gov.vn/khu-cong-nghiep/5867/danh-sach-cac-khu-cong-nghiep","2023-02-24","2026-09-10"
"271","Hậu Giang","Sông Hậu","Công ty Phát triển Hạ tầng khu công nghiệp Hậu Giang","xã Đông Phú, huyện Châu Thành","https://vea.mae.gov.vn/khu-cong-nghiep/5867/danh-sach-cac-khu-cong-nghiep","2023-02-24","2026-09-10"
"272","Kiên Giang","Thạch Lộc","Công ty phát triển hạ tầng khu công nghiệp Kiên Giang.","xã Thanh Lộc, huyện Châu Thành","https://vea.mae.gov.vn/khu-cong-nghiep/5867/danh-sach-cac-khu-cong-nghiep","2023-02-24","2026-09-10"
"273","Long An","Tân Đô","Công ty CP và đầu tư xây dựng Tân Đô","Xã Đức Hoà Hạ, huyện Đức Hoà, tỉnh Long An","https://vea.mae.gov.vn/khu-cong-nghiep/5867/danh-sach-cac-khu-cong-nghiep","2023-02-24","2026-09-10"
"274","Long An","Hải Sơn","Công ty TNHH Hải Sơn","ấp Bình Tiền 2, xã Đức Hoà Hạ, huyện Đức Hoà, tỉnh Long An","https://vea.mae.gov.vn/khu-cong-nghiep/5867/danh-sach-cac-khu-cong-nghiep","2023-02-24","2026-09-10"
"275","Long An","Long Hậu-Hoà Bình","Công ty Cổ phần Đầu tư xây dựng hạ tầng Hòa Bình","Ấp 7, xã Nhị Thành, huyện Thủ Thừa, tỉnh Long An","https://vea.mae.gov.vn/khu-cong-nghiep/5867/danh-sach-cac-khu-cong-nghiep","2023-02-24","2026-09-10"
"276","Long An","Thịnh Phát","Công ty Cổ phần Địa ốc cáp điện Thịnh Phát","Tỉnh lộ 830, ấp 3, xã Lương Bình, huyện Bến Lức, tỉnh long An","https://vea.mae.gov.vn/khu-cong-nghiep/5867/danh-sach-cac-khu-cong-nghiep","2023-02-24","2026-09-10"
"277","Long An","Phúc Long","Công ty TNHH Đầu tư và Xây dựng Phúc Long","số 400, quốc lộ 1A, khu phố 9, thị trấn Bến Lức, huyện Bến Lức, tỉnh Long An","https://vea.mae.gov.vn/khu-cong-nghiep/5867/danh-sach-cac-khu-cong-nghiep","2023-02-24","2026-09-10"
"278","Long An","Phú An Thạnh","Công ty TNHH một thành viên Phú An Thạnh-Long An","Tỉnh lộ 830, xã An Thạnh, huyện Bến Lức, tỉnh Long An","https://vea.mae.gov.vn/khu-cong-nghiep/5867/danh-sach-cac-khu-cong-nghiep","2023-02-24","2026-09-10"
"279","Long An","Nhựt Chánh","Công ty Cổ phần Thanh Yến","Ấp 5, xã Nhựt Chánh, huyện Bến Lức, tỉnh Long An","https://vea.mae.gov.vn/khu-cong-nghiep/5867/danh-sach-cac-khu-cong-nghiep","2023-02-24","2026-09-10"
"280","Long An","KCN Đức Hoà III- Thái Hoà","Công ty Cổ phần Phát triển hạ tầng Việt Sơn","Ấp Tân Hoà, xã Đức Lập Hạ, huyện Đức Hoà, tỉnh Long An","https://vea.mae.gov.vn/khu-cong-nghiep/5867/danh-sach-cac-khu-cong-nghiep","2023-02-24","2026-09-10"
"281","Long An","KCN Đức Hoà III- Ánh Hồng","Công ty cổ phần đầu tư Anh Hồng","KCN Anh Hồng, Ấp Đức Hạnh 2, Xã Đức Lập Hạ , huyện Đức Hoà, Tỉnh Long An","https://vea.mae.gov.vn/khu-cong-nghiep/5867/danh-sach-cac-khu-cong-nghiep","2023-02-24","2026-09-10"
"282","Long An","KCN Đức Hoà III-Việt Hóa","Công ty TNHH MTV phát triển kinh doanh hạ tầng Khu công nghiệp Phú Mỹ Vinh","Xã Đức Lập Hạ - huyện Đức Hoà, tỉnh Long An","https://vea.mae.gov.vn/khu-cong-nghiep/5867/danh-sach-cac-khu-cong-nghiep","2023-02-24","2026-09-10"
"283","Long An","KCN Đức Hoà III- Hồng Đạt","Công Ty Cổ phần Hồng Đạt Long An","Ấp Tân Hoà, xã Đức Lập Hạ, huyện Đức Hoà, tỉnh Long An","https://vea.mae.gov.vn/khu-cong-nghiep/5867/danh-sach-cac-khu-cong-nghiep","2023-02-24","2026-09-10"
"284","Long An","Cầu Tràm","Công ty CP Thương mại Dịch vụ Xây dựng & XNK Trung Thành","KCN Cầu Tràm - Ấp Cầu Tràm -Xã Long Trạch - Huyện Cần Đước - Tỉnh Long An","https://vea.mae.gov.vn/khu-cong-nghiep/5867/danh-sach-cac-khu-cong-nghiep","2023-02-24","2026-09-10"
"285","Long An","Long Hậu","Công ty CP Long Hậu","Ấp 3, xã Long Hậu, huyện Cần Giuộc, tỉnh Long An","https://vea.mae.gov.vn/khu-cong-nghiep/5867/danh-sach-cac-khu-cong-nghiep","2023-02-24","2026-09-10"
"286","Long An","Long Hậu (mở rộng)","Công ty CP Long Hậu","Ấp 3, xã Long Hậu, huyện Cần Giuộc, tỉnh Long An","https://vea.mae.gov.vn/khu-cong-nghiep/5867/danh-sach-cac-khu-cong-nghiep","2023-02-24","2026-09-10"
"287","Long An","Vĩnh Lộc 2","Công ty CP Đầu Tư và Xây Dựng KCN Vĩnh Lộc – Bến Lức","QL1, ấp Voi Lá, xã Long Hiệp, huyện Bến Lức, tỉnh Long An","https://vea.mae.gov.vn/khu-cong-nghiep/5867/danh-sach-cac-khu-cong-nghiep","2023-02-24","2026-09-10"
"288","Long An","Tân Kim","Công ty TNHH Phát triển hạ tầng KCN và Khu dân cư Tân Kim","Xã Tân Kim, huyện Cần Giuộc, tỉnh Long An","https://vea.mae.gov.vn/khu-cong-nghiep/5867/danh-sach-cac-khu-cong-nghiep","2023-02-24","2026-09-10"
"289","Long An","Tân Đức","Công ty Cổ phần đầu tư Tân Đức","Lô 8 đường Đức Hoà Hạ, KCN Tân Đức, xã Đức Hoà Hạ, huyện Đức Hoà, tỉnh Long An","https://vea.mae.gov.vn/khu-cong-nghiep/5867/danh-sach-cac-khu-cong-nghiep","2023-02-24","2026-09-10"
"290","Long An","Tân Đức - Giai đoạn 2","Công ty Cổ phần đầu tư Tân Đức","xã Đức Hòa Hạ, huyện Đức Hòa, tỉnh Long An","https://vea.mae.gov.vn/khu-cong-nghiep/5867/danh-sach-cac-khu-cong-nghiep","2023-02-24","2026-09-10"
"291","Long An","Thuận Đạo","Công ty cổ phần Khu công nghiệp Đồng Tâm","thị trấn Bến Lức, huyện Bến Lức, tỉnh Long An","https://vea.mae.gov.vn/khu-cong-nghiep/5867/danh-sach-cac-khu-cong-nghiep","2023-02-24","2026-09-10"
"292","Long An","Thuận Đạo mở rộng","Công ty cổ phần Đầu tư Khu công nghiệp Đồng Tâm","xã Long Định, huyện Cần Đước, tỉnh Long An","https://vea.mae.gov.vn/khu-cong-nghiep/5867/danh-sach-cac-khu-cong-nghiep","2023-02-24","2026-09-10"
"293","Long An","Xuyên Á","Công ty Cổ phần Ngọc Phong","Xã Mỹ Hạnh Bắc, Huyện Đức Hoà, Tỉnh Long An","https://vea.mae.gov.vn/khu-cong-nghiep/5867/danh-sach-cac-khu-cong-nghiep","2023-02-24","2026-09-10"
"294","Long An","Đức Hoà 1","Công ty CP Đầu tư & Xây dựng Tân Đô","Ấp 5, xã Đức Hoà Đông, huyện Đức Hoà, tỉnh Long An","https://vea.mae.gov.vn/khu-cong-nghiep/5867/danh-sach-cac-khu-cong-nghiep","2023-02-24","2026-09-10"
"295","Sóc Trăng","An Nghiệp","Công ty Phát triển hạ tầng Khu công nghiệp tỉnh Sóc Trăng","Km 2126+500 Quốc lộ 1A, xã An Hiệp, huyện Châu Thành","https://vea.mae.gov.vn/khu-cong-nghiep/5867/danh-sach-cac-khu-cong-nghiep","2023-02-24","2026-09-10"
"296","Tiền Giang","KCN Dịch Vụ dầu khí Soài Rạp","Công ty Cổ phần sản xuất Ống thép Dầu khí Việt Nam","KCN dịch vụ Dầu Khí Soài Rạp, xã Kiểng Phước, huyện Gò Công Đông, tỉnh Tiền Giang","https://vea.mae.gov.vn/khu-cong-nghiep/5867/danh-sach-cac-khu-cong-nghiep","2023-02-24","2026-09-10"
"297","Tiền Giang","Tân Hương","Công ty TNHH Nhựt Thành Tân","Xã Tân Hương, huyện Châu Thành","https://vea.mae.gov.vn/khu-cong-nghiep/5867/danh-sach-cac-khu-cong-nghiep","2023-02-24","2026-09-10"
"298","Tiền Giang","Mỹ Tho","Công Ty Phát Triển Hạ Tầng KCN Tiền Giang","Xã Trung An, thành phố Mỹ Tho","https://vea.mae.gov.vn/khu-cong-nghiep/5867/danh-sach-cac-khu-cong-nghiep","2023-02-24","2026-09-10"
"299","Tiền Giang","Long Giang","Công ty TNHH Phát triển Khu công nghiệp Long Giang","xã Tân Lập, huyên Tân Phước","https://vea.mae.gov.vn/khu-cong-nghiep/5867/danh-sach-cac-khu-cong-nghiep","2023-02-24","2026-09-10"
"300","Trà Vinh","Long Đức","Công ty TNHH Đầu tư Long Đức","Ấp vĩnh Hưng, Vĩnh Yên và Sa Bình, xã Long Đức, Tp Trà Vinh, tỉnh Trà Vinh","https://vea.mae.gov.vn/khu-cong-nghiep/5867/danh-sach-cac-khu-cong-nghiep","2023-02-24","2026-09-10"
"301","Vĩnh Long","Hoà Phú","Công ty Cổ phần Đầu tư Xây dựng Cửu Long – CIBICO","xã Hoà Phú, huyện Long Hồ, Vĩnh Long","https://vea.mae.gov.vn/khu-cong-nghiep/5867/danh-sach-cac-khu-cong-nghiep","2023-02-24","2026-09-10"
"302","Vĩnh Long","Hoà Phú mở rộng","Công ty cổ phần Hòa Phú","xã Hòa Phú, huyện Long Hồ, tỉnh Vĩnh Long","https://vea.mae.gov.vn/khu-cong-nghiep/5867/danh-sach-cac-khu-cong-nghiep","2023-02-24","2026-09-10"
"303","Vĩnh Long","Bình Minh","Công ty Cổ phần TV-TM-DV Địa ốc Hoàng Quân MeKong","Xã Mỹ Hoà, TX Bình Minh, Vĩnh Long","https://vea.mae.gov.vn/khu-cong-nghiep/5867/danh-sach-cac-khu-cong-nghiep","2023-02-24","2026-09-10"
